GROUP;DESCRIPTION;P/N;ALT P/N;MIN QTY;UNIT
Consumable Part;"""O"" RING";M83248/1-012;N/A;;EA
Consumable Part;1/4 RMG TERMINAL / RED;320559;N/A;;EA
Consumable Part;ABSOLUTE RELIEF VALVE;LW16265-1;N/A;;EA
Consumable Part;ACTUATOR AY;1260074-1;N/A;;EA
Consumable Part;ADAPTER;0770641-4;N/A;;EA
Consumable Part;ADAPTER;05-06924;N/A;;EA
Consumable Part;ADAPTER;S3014-2-4;N/A;;EA
Consumable Part;ADAPTER;1213158-3;N/A;;EA
Consumable Part;ADAPTER AY;0700325-2;N/A;;EA
Consumable Part;ADAPTER CHARGER;AD-101;N/A;;EA
Consumable Part;ADAPTER VENT TUBE;CW-172001;N/A;;EA
Consumable Part;ADAPTER/CLAMP;MS3057-4A;N/A;;EA
Consumable Part;ADAPTOR MAGNETO;8767;N/A;;EA
Consumable Part;ADROX;ADROX6025;N/A;;LTR
Consumable Part;ADROX;6025;N/A;;PAIL
Consumable Part;ADROX CORROSION;AV-5;N/A;;EA
Consumable Part;AERO FLASH STROBE 24V;156-0004;N/A;;EA
Consumable Part;AERODUR PRIMER;S15/90;N/A;;PAIL
Consumable Part;AERODUR WHITE;C21/100UVR BAC 7067;N/A;;PAIL
Consumable Part;AFT SIDE WINDOW;P6515027-22;N/A;;EA
Consumable Part;AFT SIDE WINDOW;P6515027-21;N/A;;EA
Consumable Part;AIR BOX;0552164-4;N/A;;EA
Consumable Part;AIR FILTER;BA6108;N/A;;EA
Consumable Part;AIR FILTER;BA4108;N/A;;EA
Consumable Part;AIR FILTER;198281;N/A;;EA
Consumable Part;AIR FILTER ELEMENT;D9-18-1;N/A;;EA
Consumable Part;AIR SCOOP RADIO COOLING;1470219-1;N/A;;EA
Consumable Part;ALIGNMENT WASHER;MS-AW;N/A;;EA
Consumable Part;ALLUMUNIUM FLARED TUBE PLUG;AN806-2D;N/A;;EA
Consumable Part;ALLUMUNIUM FLARED TUBE PLUG;AN806-4D;N/A;;EA
Consumable Part;ALODINE;MIL-DTL-81706B(594693);N/A;;EA
Consumable Part;ALTERNATOR CONTROL UNIT;AC2101;N/A;;EA
Consumable Part;AMPERES GAGE;2867768;N/A;;EA
Consumable Part;AMPLY DYNAMIC MIC;12948G-01;N/A;;EA
Consumable Part;ANCHOR;S1741-3;N/A;;EA
Consumable Part;ANGLE;0713070-37;N/A;;EA
Consumable Part;ANGLE 1/2 X 1/2;10133-0401;N/A;;EA
Consumable Part;ANTENA;071-00221-0010;N/A;;EA
Consumable Part;ANTENA COUFLER;CU-110;N/A;;EA
Consumable Part;ANTENA SENSE ADF;AV-545;N/A;;EA
Consumable Part;ANTENA VHF COM;CI-177;N/A;;EA
Consumable Part;ANTENA VOR/LOC/GS;C598504-0101;N/A;;EA
Consumable Part;ANTENNA MARKER BEACON;AV-64;N/A;;EA
Consumable Part;ANTI SIZE;15-04985;N/A;;EA
Consumable Part;ARM AY DOOR;0711021-11;N/A;;EA
Consumable Part;ARM LOCK;0717024-25;N/A;;EA
Consumable Part;ARM REST;K2415003-2;N/A;;EA
Consumable Part;ARM REST;K2415003-1;N/A;;EA
Consumable Part;ARMREST;K2415009-3;N/A;;EA
Consumable Part;ARMREST;K2415009-4;N/A;;EA
Consumable Part;ATTITUDE DIGITALIZER;A-30;N/A;;EA
Consumable Part;ATTITUDE ENCODER;ACK A-30;N/A;;EA
Consumable Part;ATTITUDE MANAGEMENTS;8900;N/A;;EA
Consumable Part;AUTOMATIC PRESURE ALTITUDE;C749001-0101;N/A;;EA
Consumable Part;AVIONIC COOLING KIT;071-4037-00;N/A;;EA
Consumable Part;AXLE LANDING GEAR;543003;N/A;;EA
Consumable Part;AXLE MAIN LANDING GEAR;0541199-1;N/A;;EA
Consumable Part;BAFFLE;86939-002;N/A;;EA
Consumable Part;BAFFLE ASSY;86873-002;N/A;;EA
Consumable Part;BAFFLE ASSY;86203-007;N/A;;EA
Consumable Part;BAFFLE ASSY;86827-018;N/A;;EA
Consumable Part;BAFFLE ASSY;86203-008;N/A;;EA
Consumable Part;BAFFLE ASSY;86847-002;N/A;;EA
Consumable Part;BAFFLE ASSY;86827-006;N/A;;EA
Consumable Part;BAFFLE SEAL;JM106A;N/A;;FT
Consumable Part;BAFFLE SEAL;VISR3640;N/A;;FT
Consumable Part;BAFFLE SILICONE;05-00811;05-00811;;FEET
Consumable Part;BAGGAGE;K0515015-1;N/A;;EA
Consumable Part;BATTERAY 12 V;G 35;N/A;;EA
Consumable Part;BATTERY;G243 D;N/A;;EA
Consumable Part;BATTERY;G243;N/A;;EA
Consumable Part;BATTERY;CR123A;N/A;;EA
Consumable Part;BATTERY;G243D;N/A;;EA
Consumable Part;BATTERY CONTACTOR;S1580-1;N/A;;EA
Consumable Part;BATTERY ELT 406;452-6499;N/A;;EA
Consumable Part;BATTERY RELLAY;S2475-2;N/A;;EA
Consumable Part;BEARING;LM67048-20629;N/A;;EA
Consumable Part;BEARING;LM29749-20629;N/A;;EA
Consumable Part;BEARING;S1675-1;N/A;;EA
Consumable Part;BEARING;LM-19749;N/A;;EA
Consumable Part;BEARING;214-00400;N/A;;EA
Consumable Part;BEARING;S1003-29A;N/A;;EA
Consumable Part;BEARING;214-03300;N/A;;EA
Consumable Part;BEARING;214-01400;N/A;;EA
Consumable Part;BEARING;13889-2069;N/A;;EA
Consumable Part;BEARING;08125-20629;N/A;;EA
Consumable Part;BEARING;8125;N/A;;EA
Consumable Part;BEARING;13889-20629;N/A;;EA
Consumable Part;BEARING;S1674-1;N/A;;EA
Consumable Part;BEARING AIR BOX;05-04443;N/A;;EA
Consumable Part;BEARING ROD END;432-606;N/A;;EA
Consumable Part;BELLCRANK;411563;N/A;;EA
Consumable Part;BELT;378KY;N/A;;EA
Consumable Part;BELT ALTERNATOR;3719773-382;N/A;;EA
Consumable Part;BELT ALTERNATOR;37A19773-376;N/A;;EA
Consumable Part;BELT ALTERNATOR;378K4;N/A;;EA
Consumable Part;BELT ALTERNATOR;S1597-1-37.5;N/A;;EA
Consumable Part;BLEEDER CAP;183-00100;N/A;;EA
Consumable Part;BLEEDER SCREW;079-00300;N/A;;EA
Consumable Part;BLEEDER SEAT;081-00100;N/A;;EA
Consumable Part;BLLCRANK AY;0514030-4;N/A;;EA
Consumable Part;BNC FEMALE;31-208RFX;N/A;;EA
Consumable Part;BNC MALE;225395-1;N/A;;EA
Consumable Part;BOARD AY TERMINAL;0570315-1;N/A;;EA
Consumable Part;BOLT;AN7-47;N/A;;EA
Consumable Part;BOLT;AN4-31;N/A;;EA
Consumable Part;BOLT;NAS6604D17;N/A;;EA
Consumable Part;BOLT;103-11600;N/A;;EA
Consumable Part;BOLT;AN4-21A;N/A;;EA
Consumable Part;BOLT;S2323-5;N/A;;EA
Consumable Part;BOLT;AN4-36A;N/A;;EA
Consumable Part;BOLT;AN8-21A;N/A;;EA
Consumable Part;BOLT;691-334;N/A;;EA
Consumable Part;BOLT;AN5-25A;N/A;;EA
Consumable Part;BOLT;AN4-22A;N/A;;EA
Consumable Part;BOLT;103-11700;N/A;;EA
Consumable Part;BOLT;AN3-11A;N/A;;EA
Consumable Part;BOLT;103-14300;N/A;;EA
Consumable Part;BOLT;AN4-7A;N/A;;EA
Consumable Part;BOLT;AN3-4A;N/A;;EA
Consumable Part;BOLT;AN175-22A;N/A;;EA
Consumable Part;BOLT;AN3-5A;N/A;;EA
Consumable Part;BOLT;AN3-10A;N/A;;EA
Consumable Part;BOLT;NAS464P7LA44;N/A;;EA
Consumable Part;BOLT;LW-31H088;N/A;;EA
Consumable Part;BOLT;069-00400;N/A;;EA
Consumable Part;BOLT;AN4H21A;N/A;;EA
Consumable Part;BOLT;AN4C5;N/A;;EA
Consumable Part;BOLT;AN5-31A;N/A;;EA
Consumable Part;BOLT;AN23-10;N/A;;EA
Consumable Part;BOLT;AN5-10A;N/A;;EA
Consumable Part;BOLT;AN23-11;N/A;;EA
Consumable Part;BOLT;AN23-12;N/A;;EA
Consumable Part;BOLT;A-2513-38;N/A;;EA
Consumable Part;BOLT;AN8-25A;N/A;;EA
Consumable Part;BOLT;AN4H13A;N/A;;EA
Consumable Part;BOLT;AN7-45A;N/A;;EA
Consumable Part;BOLT;AN5-35A;N/A;;EA
Consumable Part;BOLT;AN3-10;N/A;;EA
Consumable Part;BOLT;NAS464-3-22;N/A;;EA
Consumable Part;BOLT;AN7-44A;N/A;;EA
Consumable Part;BOLT;AN5-47;N/A;;EA
Consumable Part;BOLT;AN7-40A;N/A;;EA
Consumable Part;BOLT;AN5-47A;N/A;;EA
Consumable Part;BOLT;AN8-23A;N/A;;EA
Consumable Part;BOLT;0750220-1;N/A;;EA
Consumable Part;BOLT;NAS6605D46;N/A;;EA
Consumable Part;BOLT;AN3-40A;N/A;;EA
Consumable Part;BOLT;AN7-43A;N/A;;EA
Consumable Part;BOLT;MS20004-9;N/A;;EA
Consumable Part;BOLT;LW-38-275;N/A;;EA
Consumable Part;BOLT;AN3-H7A;N/A;;EA
Consumable Part;BOLT;AN7-46A;N/A;;EA
Consumable Part;BOLT;AN23-21A;N/A;;EA
Consumable Part;BOLT;AN7-24A;N/A;;EA
Consumable Part;BOLT;AN6-23A;N/A;;EA
Consumable Part;BOLT;069-30644;N/A;;EA
Consumable Part;BOLT;AN6-27;N/A;;EA
Consumable Part;BOLT MPI;S3461-108;N/A;;EA
Consumable Part;BOOK INSTRUMENT/COMMERCIAL;10001784-005;N/A;;EA
Consumable Part;BOOK PRIVATE PILOT;10001360-005;N/A;;EA
Consumable Part;BOSS AIR BOX;MC0750113-1;N/A;;EA
Consumable Part;BOSS AIR BOX;1726048-2;N/A;;EA
Consumable Part;BOTTLE ASSY;86546-006;N/A;;EA
Consumable Part;BRACKET;76908;N/A;;EA
Consumable Part;BRACKET;S2300-12;N/A;;EA
Consumable Part;BRACKET;32300-1;N/A;;EA
Consumable Part;BRACKET AIR BOX;07A21443;N/A;;EA
Consumable Part;BRACKET ASSY;0541212-2;N/A;;EA
Consumable Part;BRAKE  ASSY;30-75A;N/A;;EA
Consumable Part;BRAKE DISC;30-65;N/A;;EA
Consumable Part;BRAKE DISC;164-21600;N/A;;EA
Consumable Part;BRAKE DISC;164-30195;N/A;;EA
Consumable Part;BRAKE DISC;30-83A;N/A;;EA
Consumable Part;BRAKE DISC [R];164-02300;N/A;;EA
Consumable Part;BRAKE LINNING;066-30026;N/A;;EA
Consumable Part;BRAKE LINNING;066-030026;N/A;;EA
Consumable Part;BRAKE LINNING;066-06200;N/A;;EA
Consumable Part;BRAKE LINNING;073-30026;N/A;;EA
Consumable Part;BRAKE LINNING;066-10500;N/A;;EA
Consumable Part;BREAKER;CM3589-40;N/A;;EA
Consumable Part;BREARING SEAL;154-13000;N/A;;EA
Consumable Part;BULB;356;N/A;;EA
Consumable Part;BULB/PROBE OIL TEMP;3080-00037;3080-37;;EA
Consumable Part;BULK HEAD ASSY;0550321-4;N/A;;EA
Consumable Part;BULK HEAD ASSY;0550321-12;N/A;;EA
Consumable Part;BUSHING;757-633;N/A;;EA
Consumable Part;BUSHING;NAS77-3-023;N/A;;EA
Consumable Part;BUSHING;NAS77-6-008;N/A;;EA
Consumable Part;BUSHING;523919;N/A;;EA
Consumable Part;BUSHING ASSY MAIN GEAR;0541202-4;N/A;;EA
Consumable Part;C-SPEC CONVERSION KIT CESSNA;MSC172PQ-40P;N/A;;EA
Consumable Part;CABIN DOOR HINGE PIN;0711001-59;N/A;;EA
Consumable Part;CABLE;MC0510105-44;N/A;;EA
Consumable Part;CABLE;11-05651 FT;N/A;;FEET
Consumable Part;CABLE;11-07773 FT;N/A;;EA
Consumable Part;CABLE;11-05650 FT;N/A;;FEET
Consumable Part;CABLE;MC0510105-45;N/A;;EA
Consumable Part;CABLE;MC0510105-242;N/A;;EA
Consumable Part;CABLE;MC0510105-243;N/A;;EA
Consumable Part;CABLE;9864054-1;N/A;;EA
Consumable Part;CABLE;MC0510105-220;N/A;;EA
Consumable Part;CABLE;MC0510105-264;N/A;;EA
Consumable Part;CABLE (AILERON);MC0510105-265;N/A;;EA
Consumable Part;CABLE (AILERON);MC0510105-244;N/A;;EA
Consumable Part;CABLE (AILERON);MC0510105-241;N/A;;EA
Consumable Part;CABLE (CABIN);MC0510105-260;N/A;;EA
Consumable Part;CABLE (ELEVATOR);MC0510105-208;N/A;;EA
Consumable Part;CABLE (FLAP);MC0510105-94;N/A;;EA
Consumable Part;CABLE (FLAP);MC0510105-93;N/A;;EA
Consumable Part;CABLE (RTRIM WHEEL);MC0510105-221;N/A;;EA
Consumable Part;CABLE (RUDDER);MC0510105-238;N/A;;EA
Consumable Part;CABLE (RUDDER);MC0510105-239;N/A;;EA
Consumable Part;CABLE ASSEMBLY;556-201;N/A;;EA
Consumable Part;CABLE ASSY;MC0510105-291;N/A;;EA
Consumable Part;CABLE ASSY;MC0510105-28;N/A;;EA
Consumable Part;CABLE AY;0510105-224;N/A;;EA
Consumable Part;CABLE AY;0510105-232;N/A;;EA
Consumable Part;CABLE AY;0510105-290;N/A;;EA
Consumable Part;CABLE AY;0510105-93;N/A;;EA
Consumable Part;CABLE AY ELEVATOR;0560051-103;N/A;;EA
Consumable Part;CABLE B NUT MIX222-4;05-16245;N/A;;EA
Consumable Part;CABLE BRAKE;0713070-28;N/A;;EA
Consumable Part;CABLE BRAKE;MC0713070-28;N/A;;EA
Consumable Part;CABLE CONTROL;S1230-17;N/A;;EA
Consumable Part;CABLE CONTROL;554-471;N/A;;EA
Consumable Part;CABLE END B NUT;05-16230;N/A;;EA
Consumable Part;CABLE PARKING BRAKE;0510105-278;N/A;;EA
Consumable Part;CAM;071704-1;N/A;;EA
Consumable Part;CAM ASSY;0717024-16;N/A;;EA
Consumable Part;CAP;MS20813-1;N/A;;EA
Consumable Part;CAP AY;0543018-1;N/A;;EA
Consumable Part;CAP FUEL;66817-002;N/A;;EA
Consumable Part;CAPACITOR;S1915-3;N/A;;EA
Consumable Part;CARBON MONOYIDE DETECTOR;ASACOD;N/A;;EA
Consumable Part;CARBURETOR;10-5217R;N/A;;EA
Consumable Part;CARBURETOR HEAT CONTROL;MCS1230-17;N/A;;EA
Consumable Part;CARBURETOR HEAT REPAIR KIT;CCH-KT-2;N/A;;KIT
Consumable Part;CATCH;071704-7;N/A;;EA
Consumable Part;CATRIDGE;753-913;N/A;;EA
Consumable Part;CESSNA 172 CENTER CONSOLE;28-05002333-80A;N/A;;EA
Consumable Part;CESSNA 172 CENTER CONSOLE;28-0500233-80A;N/A;;EA
Consumable Part;CESSNA 172 LEFT AND RIGHT AERM REST;28-01-80A;N/A;;EA
Consumable Part;CESSNA 172 LEFT AND RIGHT AERM REST;28-01-804;N/A;;EA
Consumable Part;CESSNA 172 WINDSHIELD;LP-389-GT;N/A;;EA
Consumable Part;CESSNA CONVERTION KIT;MSC172-40PFW;N/A;;EA
Consumable Part;CESSNA KIT TSO-C-148A;MC172-14;N/A;;EA
Consumable Part;CHAIN (TRIM ACTUATOR);MC2295-25-67;N/A;;EA
Consumable Part;CHAIN (TRIM ELEVATOR);MC2295P25-55;N/A;;EA
Consumable Part;CHAIN ASSY;69202-003;N/A;;EA
Consumable Part;CHANNEL;2432003-1;N/A;;EA
Consumable Part;CHERRY RIVET;CR3213-4-4;N/A;;EA
Consumable Part;CHERRY RIVET;CR3213-5-04;N/A;;EA
Consumable Part;CHERRY RIVET;S2906-4-4;N/A;;EA
Consumable Part;CHT PROBE;66252;N/A;;EA
Consumable Part;CHT PROBE;86251;N/A;;EA
Consumable Part;CHT PROBE;2852;N/A;;EA
Consumable Part;CHT PROBE;763-503;N/A;;EA
Consumable Part;CIMPASS FLUID;AP1000;N/A;;EA
Consumable Part;CIRCLIP / RING;MS16624-1262;N/A;;EA
Consumable Part;CIRCUIT BREAKER;11-02191;N/A;;EA
Consumable Part;CIRCUIT BREAKER;11-03930;N/A;;EA
Consumable Part;CIRCUIT BREAKER;S1232-60;N/A;;EA
Consumable Part;CIRCUIT BREAKER;W584-1008-10-1A;N/A;;EA
Consumable Part;CIRCUIT BREAKER;W584-1008-5-5A;N/A;;EA
Consumable Part;CIRCUIT BREAKER;11-04128;N/A;;EA
Consumable Part;CIRCUIT BREAKER;11-03938;N/A;;EA
Consumable Part;CIRCUIT BREAKER;S1232-55;N/A;;EA
Consumable Part;CIRCUIT BREAKER;11-63941;N/A;;EA
Consumable Part;CIRCUIT BREAKER;11-08398;N/A;;EA
Consumable Part;CLAMP;MS21919WDG9;N/A;;EA
Consumable Part;CLAMP;A0750161-25;N/A;;KITS
Consumable Part;CLAMP;S18991-65;N/A;;EA
Consumable Part;CLAMP;LW18959-175-25;N/A;;EA
Consumable Part;CLAMP;CK100;N/A;;EA
Consumable Part;CLAMP;S1485D26;N/A;;EA
Consumable Part;CLAMP;AN73TW66;N/A;;EA
Consumable Part;CLAMP;LW15592-8-32;N/A;;EA
Consumable Part;CLAMP;MS21919WDG6;N/A;;EA
Consumable Part;CLAMP;LW15592-8-28;N/A;;EA
Consumable Part;CLEVIS;543032;N/A;;EA
Consumable Part;CLIP;1726049-1;N/A;;EA
Consumable Part;CLOCK;800-28V;N/A;;EA
Consumable Part;CLUSTER;C668509-0101;N/A;;EA
Consumable Part;CLUSTER FUEL;C669562-0109;N/A;;EA
Consumable Part;COAXIAL CABLE;C732913;N/A;;EA
Consumable Part;COIL HEAD JET;22607G-01;N/A;;EA
Consumable Part;COLLING MONT;J-7444-14;N/A;;EA
Consumable Part;COLOR KUT FUEL;KOLOR KUT;N/A;;EA
Consumable Part;COMPENSATOR;C21-400;N/A;;EA
Consumable Part;COMPUTER STUDENT FLT;10001316;N/A;;EA
Consumable Part;CONNECTOR;MS3106A10SL39;N/A;;EA
Consumable Part;CONNECTOR;S2800-277;N/A;;EA
Consumable Part;CONSOLE CENTER;28-0500233RT-80A;N/A;;EA
Consumable Part;CONTACK CLEANER;2016;N/A;;EA
Consumable Part;CONTACT CLEANER;2016M;N/A;;EA
Consumable Part;CONTACT PIN;204370-2;N/A;;EA
Consumable Part;CONTACTOR;S2443-2;N/A;;EA
Consumable Part;CONTACTOR;S2099-8LP;N/A;;EA
Consumable Part;CONTACTOR;S2099-6;N/A;;EA
Consumable Part;CONTACTOR STATER;584-460;N/A;;EA
Consumable Part;CONTORL;S1239-48;N/A;;EA
Consumable Part;CONTROL;S1241-36;N/A;;EA
Consumable Part;CONTROL;S1517-7;N/A;;EA
Consumable Part;CONTROL ASSY SEAT;MC5794-24;N/A;;EA
Consumable Part;CONTROL ASSY SEAT;AC5794-24;N/A;;EA
Consumable Part;CONTROL MX;565-548-071;N/A;;EA
Consumable Part;CONTROL MX;345-024-4;N/A;;EA
Consumable Part;CONTROL TH;252-085-1;N/A;;EA
Consumable Part;CONVERSION KIT;MSC172-40PSD;N/A;;KIT
Consumable Part;CONVERTER;AK-550-12;N/A;;EA
Consumable Part;CONVERTER;VR1-3;N/A;;EA
Consumable Part;COOLING FAN;ACF528;N/A;;EA
Consumable Part;COOLING KIT;SK402-20B;N/A;;EA
Consumable Part;CORD HEADSET KIT;18028G01;N/A;;EA
Consumable Part;CORE-HIGH-PREASURE;AN809-1;N/A;;EA
Consumable Part;CORROSION SPRAY;COR-BAN 23;N/A;;EA
Consumable Part;COTTER PIN;MS24665-136;N/A;;EA
Consumable Part;COTTER PIN;MS-24665-360;N/A;;EA
Consumable Part;COTTER PIN;MS24665-151;N/A;;EA
Consumable Part;COTTER PIN;MS24665-285;N/A;;EA
Consumable Part;COTTER PIN;MS24665-134;N/A;;EA
Consumable Part;COTTER PIN;MS24665-153;N/A;;EA
Consumable Part;COTTER PIN;MS24665-132;N/A;;EA
Consumable Part;COTTER PIN;MS24665-351;N/A;;EA
Consumable Part;COTTER PIN;MS-24665-134;N/A;;EA
Consumable Part;COTTER PIN;MS24665-360;N/A;;EA
Consumable Part;COUPLER;DMH69-1;N/A;;EA
Consumable Part;COUPLING;C301001-0211;N/A;;EA
Consumable Part;COVER;0712765-3;N/A;;EA
Consumable Part;COVER;0541191-2;N/A;;EA
Consumable Part;COVER;0513298-11-532;N/A;;EA
Consumable Part;COVER;0541191-2/-1;N/A;;EA
Consumable Part;COVER;712765;N/A;;EA
Consumable Part;COVER;0570316-1;N/A;;EA
Consumable Part;COVER;533-182;N/A;;EA
Consumable Part;COVER;0560027-5;N/A;;EA
Consumable Part;COVER COMFORT EAR SEALS;22658G01;N/A;;EA
Consumable Part;COWLING MOUNT;J7444-14;N/A;;EA
Consumable Part;CRIMP PIN / 18-16 AWG;66099-1;N/A;;EA
Consumable Part;CRIMP PIN / 24-20 AWG;66103-1;N/A;;EA
Consumable Part;CRIMP SOCKET / 18-16 AWG;66101-1;N/A;;EA
Consumable Part;CRIMP SOCKET / 24-20 AWG;66105-1;N/A;;EA
Consumable Part;CUSTTLE NUT;AN310-3;N/A;;EA
Consumable Part;CUSTTLE NUT;AN310-5;N/A;;EA
Consumable Part;CYLINDER;05K21122;N/A;;EA
Consumable Part;CYLINDER ASSY;05K21100;N/A;;EA
Consumable Part;CYLINDER HYDRAULIC NOSE;455-987;N/A;;EA
Consumable Part;CYLINDER KIT;05K21104;N/A;;EA
Consumable Part;DC CONVERTER;SDC225;N/A;;EA
Consumable Part;DEAL GREASE;154-12000;N/A;;EA
Consumable Part;DETECTOR;1221201-4;N/A;;EA
Consumable Part;DETECTOR LIFT;148-7;N/A;;EA
Consumable Part;DETECTOR NAV LIGHT;1221201-3;N/A;;EA
Consumable Part;DISC BRAKE;164-04000;N/A;;EA
Consumable Part;DISC BRAKE;164-30615-1;N/A;;EA
Consumable Part;DOME SHALLOW;11696P-28;N/A;;EA
Consumable Part;DOOR AY;0552173-27;N/A;;EA
Consumable Part;DOOR POST KIT;SK172-149-1;N/A;;EA
Consumable Part;DOW CORNING RTV;RTV737-30ZCLR;N/A;;EA
Consumable Part;DRAIN VALVE;492-308;N/A;;EA
Consumable Part;DRAIN VALVE;S2485-1;N/A;;EA
Consumable Part;DRAIN VALVE SAF-AIR F50,OIL;05-00983;N/A;;EA
Consumable Part;DUAL HARNESS;10-821414-14R;N/A;;EA
Consumable Part;DUAL HARNESS;10-821414-4R;N/A;;EA
Consumable Part;DUCT;52282-2;N/A;;EA
Consumable Part;EARPHONE;10376G-20;10376G20;;EA
Consumable Part;EGT PROBE;2870;N/A;;EA
Consumable Part;EGT PROBE;86143;N/A;;EA
Consumable Part;EGT PROBE,SCREW-IN;86245;N/A;;EA
Consumable Part;ELBOW;AN916-1D;N/A;;EA
Consumable Part;ELBOW;AN823-4D;N/A;;EA
Consumable Part;ELBOW;MS20823-4D;N/A;;EA
Consumable Part;ELBOW;S2421-10P;N/A;;EA
Consumable Part;ELBOW;0556032-1;N/A;;EA
Consumable Part;ELBOW 90 DEGREE;MS20822-4D;N/A;;EA
Consumable Part;ELBOW PIPE 900;AN914-1D;N/A;;EA
Consumable Part;ELEC BUSHING KIT;EBCKT-4;N/A;;EA
Consumable Part;ELEVATOR KIT;EBCKT5;N/A;;EA
Consumable Part;ELT REMOTE;455-0023;N/A;;EA
Consumable Part;ELT REMOTE;345-6196-04;N/A;;EA
Consumable Part;ENGINE BAFFLE;27875;N/A;;EA
Consumable Part;ENGINE BAFFLE;34478;N/A;;EA
Consumable Part;ENGINE BAFFLE;34479;N/A;;EA
Consumable Part;ENGINE BAFFLE;34481;N/A;;EA
Consumable Part;ENGINE BAFFLE;27675;N/A;;EA
Consumable Part;ENGINE BAFFLE;34480;N/A;;EA
Consumable Part;ENGINE BAFFLE;34482;N/A;;EA
Consumable Part;ENGINE BAFFLE;34485;N/A;;EA
Consumable Part;ENGINE BAFFLE;34477;N/A;;EA
Consumable Part;ENGINE BAFFLE;34484;N/A;;EA
Consumable Part;EYE BOLT;422344;N/A;;EA
Consumable Part;EYE WASH PORTABLE;7501;N/A;;EA
Consumable Part;F8C LARGE FUEL/WATER FUNNEL;05-01055;N/A;;EA
Consumable Part;FAIRING DORSAL FIN;K0531012-2;N/A;;EA
Consumable Part;FAIRING LANDING GEAR,LH;SA-1741005-239;N/A;;EA
Consumable Part;FAIRING LANDING GEAR,RH;SA-1741005-240;N/A;;EA
Consumable Part;FAIRING STRUT TO FUSELAGE,LH;SA-0522150-1SP;N/A;;EA
Consumable Part;FAIRING STRUT TO FUSELAGE,RH;SA-0522150-2SP;N/A;;EA
Consumable Part;FAIRING STRUT TO WING,LH;SA-052215039P;N/A;;EA
Consumable Part;FAIRING STRUT TO WING,RH;SA-0522150-4SP;N/A;;EA
Consumable Part;FAIRING STRUT,LH;28-07-LFS;N/A;;EA
Consumable Part;FAIRING STRUT,RH;28-07-RFS;N/A;;EA
Consumable Part;FASTENER;S2319-1;N/A;;EA
Consumable Part;FELT TAPE;SPF114;N/A;;EA
Consumable Part;FERRULE;543001;N/A;;EA
Consumable Part;FERRULE;0742410-8;N/A;;EA
Consumable Part;FILLET AG;0512027-1;N/A;;EA
Consumable Part;FILTER AIR ASSY;BA5110;N/A;;EA
Consumable Part;FILTER ELEMENT;BA-6108;N/A;;EA
Consumable Part;FILTER ELEMENT;BA-3505;N/A;;EA
Consumable Part;FILTER ELEMENT (FUEL);OS-51288;N/A;;EA
Consumable Part;FILTER FUEL;0756009-1;N/A;;EA
Consumable Part;FILTER HOUSING;VF-61;N/A;;EA
Consumable Part;FILTER NOISE;AK950FTR;N/A;;EA
Consumable Part;FILTER VACUM PUMP;RAIJA-7;N/A;;EA
Consumable Part;FILTER VACUMP;AAD 9-8-1;N/A;;EA
Consumable Part;FIN FWD;38349-003;N/A;;EA
Consumable Part;FITTING;AN822-4D;N/A;;EA
Consumable Part;FITTING;AA1K9-6-10;N/A;;EA
Consumable Part;FITTING;AA1K30-6-6-4;N/A;;EA
Consumable Part;FITTING;AA1K1-6-10;N/A;;EA
Consumable Part;FITTING;AA1K1-4-6;N/A;;EA
Consumable Part;FITTING;RA1K8-6-10;N/A;;EA
Consumable Part;FITTING;AA1K10-4-6;N/A;;EA
Consumable Part;FITTING;RA1K1-4-6;N/A;;EA
Consumable Part;FITTING;S3014-4-6;N/A;;EA
Consumable Part;FITTING;522200-1;N/A;;EA
Consumable Part;FITTING;0543016-1;N/A;;EA
Consumable Part;FITTING;AS15002-1P;N/A;;EA
Consumable Part;FITTING ALLUMUNIUM CAP;04-03479;AN292-2;;EA
Consumable Part;FITTING ALLUMUNIUM CAP;04-03480;AN929-3;;EA
Consumable Part;FITTING ALLUMUNIUM CAP;04-03481;AN929-4;;EA
Consumable Part;FITTING AY;0543013-1;N/A;;EA
Consumable Part;FLAP ROLLER BUSHING;496-1;N/A;;EA
Consumable Part;FLAP ROLLER SERVICE KIT;MCSK100;N/A;;EA
Consumable Part;FLAP ROLLER UPGRADE KIT;FLP-KT-3U;N/A;;EA
Consumable Part;FLAP TRACK MOUNTING;R/L , R/H;N/A;;EA
Consumable Part;FLASH TUBE;152-0007;N/A;;EA
Consumable Part;FLASH TUBE;762-003;N/A;;EA
Consumable Part;FLASHER;C594502-0102/;150-0011;;EA
Consumable Part;FLASHER;C594502-0102/150-0011;N/A;;EA
Consumable Part;FLUID3 MULTY PURPOSE;MIL- PRF-7870D;N/A;;EA
Consumable Part;FOAM FILLED EAR SEALS;18316G-02;N/A;;EA
Consumable Part;FORMIT 18 EXTENTION TUBE;FORMIT 18;N/A;;EA
Consumable Part;FUEL CAP;C156003-0101;N/A;;EA
Consumable Part;FUEL CHECKER - PA 44;86704-002;N/A;;EA
Consumable Part;FUEL CLUSTER;C669537-0107;N/A;;EA
Consumable Part;FUEL DRIVEN PUMP;LW-16947;N/A;;EA
Consumable Part;FUEL GAUGE;C172/26.5;N/A;;EA
Consumable Part;FUEL QTY CLUSTER AND TRANSMITER;SK172-119;N/A;;EA
Consumable Part;FUEL SENDER;86688-002;N/A;;EA
Consumable Part;FUEL STRAINER;0756008-1;N/A;;EA
Consumable Part;FUEL STRNR PLUNGER;05-04424;N/A;;EA
Consumable Part;FUEL STRNR REBUILD KIT;05-04426;N/A;;EA
Consumable Part;FUSE;S2565-5;N/A;;EA
Consumable Part;FUSE;036-0057-10;N/A;;EA
Consumable Part;FUSE;036-0058-03;N/A;;EA
Consumable Part;FUSE;S1091-1;N/A;;EA
Consumable Part;FUSE AGA 32V 3A;036-00058-0003;N/A;;EA
Consumable Part;GA-56 GPS ANTENNA;011-00134-00;N/A;;EA
Consumable Part;GAGE;6246-00370;N/A;;EA
Consumable Part;GAGE;6246-00363;N/A;;EA
Consumable Part;GARTER FILTER;B3-5-1;N/A;;EA
Consumable Part;GARTER FILTER;ARB3-5-1;N/A;;EA
Consumable Part;GASKET;0756009-8;N/A;;EA
Consumable Part;GASKET;S2670-1;N/A;;EA
Consumable Part;GASKET;0426013-2;N/A;;EA
Consumable Part;GASKET;06E19769-1.25;N/A;;EA
Consumable Part;GASKET;080-0001;N/A;;EA
Consumable Part;GASKET;0426013-1;N/A;;EA
Consumable Part;GASKET;ES10-382811;N/A;;EA
Consumable Part;GASKET;75906;N/A;;EA
Consumable Part;GASKET CARBURETOR;77154;N/A;;EA
Consumable Part;GASKET CARBURETOR INLET;LW-13473;N/A;;EA
Consumable Part;GASKET CRANKSHAFT OIL;LW-13792;N/A;;EA
Consumable Part;GASKET EXHAUST;77611;N/A;;EA
Consumable Part;GASKET INTAKE;71973;N/A;;EA
Consumable Part;GASKET MAGNETO;LW-12681;N/A;;EA
Consumable Part;GASKET MAGNETTO;LW12681;N/A;;EA
Consumable Part;GASKET TURBO;LW18038;N/A;;EA
Consumable Part;GAUGE OIL PRESS;548-672;N/A;;EA
Consumable Part;GEAR STARTER RING;72566;N/A;;EA
Consumable Part;GNS 430 HARDWARE KIT;GA-56 KIT;N/A;;EA
Consumable Part;GNS430 BACK PLATE;011-00676-00;N/A;;EA
Consumable Part;GPS COLLING FAN;AK950-F5;N/A;;EA
Consumable Part;GREAS 17;MIL-G-21164D;N/A;;KG
Consumable Part;GREAS 5;MIL-G-3545C / MIL-G-3545;N/A;;KG
Consumable Part;GREAS 7;MIL-PRF-23827C;N/A;;KG
Consumable Part;GREASE  SEAL FELT;154-30010;N/A;;EA
Consumable Part;GREASE 22;MIL-PRF-81322;N/A;;CAN
Consumable Part;GREASE RING;153-00400;N/A;;EA
Consumable Part;GREASE RING;153-00300;N/A;;EA
Consumable Part;GREASE RING;153-00800;N/A;;EA
Consumable Part;GREASE SEAL FELT;154-00600;N/A;;EA
Consumable Part;GREASE SEAL FELT;154-01300;N/A;;EA
Consumable Part;GREASE SEAL WHEEL;153-01500;N/A;;EA
Consumable Part;GREENS LENS;08-4230020-40;N/A;;EA
Consumable Part;GUGE FOR VF-61E;10678;N/A;;EA
Consumable Part;HANDLE;1217053-4;N/A;;EA
Consumable Part;HANDLE BRAKE;0813150-75;N/A;;EA
Consumable Part;HARDENER;S66/22R;N/A;;PAIL
Consumable Part;HARNESS;M1785;N/A;;EA
Consumable Part;HARNESS;M1795R;N/A;;EA
Consumable Part;HARNESS;M1795;N/A;;EA
Consumable Part;HARNESS SEAT BELT;SK170-12C1;N/A;;EA
Consumable Part;HEAD PAD;40266G-01;N/A;;EA
Consumable Part;HEADLINER ASSY;0514137-8;N/A;;EA
Consumable Part;HEADSET;12508G-17;N/A;;EA
Consumable Part;HEADSET;ASA;N/A;;EA
Consumable Part;HEADSET BOOM;12840G-01;N/A;;EA
Consumable Part;HINGE;0411185-7;N/A;;EA
Consumable Part;HINGE;0511237-1;N/A;;EA
Consumable Part;HINGE;0511280-1;N/A;;EA
Consumable Part;HINGE;0511237-2;N/A;;EA
Consumable Part;HINGE ASSY AILERON;0523816-1;N/A;;EA
Consumable Part;HINGE ASSY LWR (RH);2417003-2;N/A;;EA
Consumable Part;HINGE AY;0511238-2;N/A;;EA
Consumable Part;HINGE AY;0511238-1;N/A;;EA
Consumable Part;HINGE HALF;1552004-23;N/A;;EA
Consumable Part;HINGE HALF;1552004-22;N/A;;EA
Consumable Part;HINGE HALF ASSY (LH);2417003-1;N/A;;EA
Consumable Part;HINGEHALF (LH);0517019-3;N/A;;EA
Consumable Part;HINGEHALF (RH);0517019-4;N/A;;EA
Consumable Part;HOBBS METER;85094/331534;N/A;;EA
Consumable Part;HOOK LATCH;S3247-1;N/A;;EA
Consumable Part;HORN ASSY STALL WARMING;0713348-1;N/A;;EA
Consumable Part;HOSE;R221612;S1495-12;;CM
Consumable Part;HOSE;69603;N/A;;EA
Consumable Part;HOSE;SCEET10;N/A;;EA
Consumable Part;HOSE;R611388;N/A;;EA
Consumable Part;HOSE;306-8;N/A;;EA
Consumable Part;HOSE;111-4;N/A;;EA
Consumable Part;HOSE;306-4;N/A;;EA
Consumable Part;HOSE;P610124;N/A;;EA
Consumable Part;HOSE;SCEET2A;N/A;;EA
Consumable Part;HOSE;LW18101;N/A;;EA
Consumable Part;HOSE;LW16217;N/A;;EA
Consumable Part;HOSE;124F003-4CR0170;N/A;;EA
Consumable Part;HOSE;SCAT 2A;N/A;;FT
Consumable Part;HOSE;SCEET 12;N/A;;FT
Consumable Part;HOSE 3/8 PER FOOT;306-6;N/A;;EA
Consumable Part;HOSE ASSEMBLY;035018-3-0100;N/A;;EA
Consumable Part;HOSE ASSEMBLY;AE7013106B0170;N/A;;EA
Consumable Part;HOSE ASSY;AE701306B0306;N/A;;EA
Consumable Part;HOSE AY;AE7013106H0306;N/A;;EA
Consumable Part;HOSE AY;AE70130640272;N/A;;EA
Consumable Part;HOSE AY;AE7013106H0184;N/A;;EA
Consumable Part;HOSE DUCTING;SCAT 3A;N/A;;EA
Consumable Part;HOSE PER FOOT;303-8RL;N/A;;EA
Consumable Part;HOSE PER FOOT;306-10;N/A;;EA
Consumable Part;HOSE PER FOOT;303-10;N/A;;EA
Consumable Part;HOUR METER;85094;N/A;;EA
Consumable Part;HOUSING;S1637-1;N/A;;EA
Consumable Part;HOUSING AY;0750113-1;N/A;;EA
Consumable Part;HOUSING FEMALE;S1637-2;N/A;;EA
Consumable Part;HOUSING ROLLER;1414104-71;N/A;;EA
Consumable Part;HOUSING ROLLER;1200603-38;N/A;;EA
Consumable Part;HOUSING ROLLER;1414104-72;N/A;;EA
Consumable Part;HOWSING;S2373-1;N/A;;EA
Consumable Part;HOWSING;S2373-2;N/A;;EA
Consumable Part;HUB;140-150;N/A;;EA
Consumable Part;HUB;40-113;N/A;;EA
Consumable Part;HYDRAULIC FLUID;MIL-PRF-5606;N/A;;LITER
Consumable Part;HYDROULIC;FLUID 41;N/A;;PAIL
Consumable Part;IGNITION SWTICH;C292501-0106;N/A;;EA
Consumable Part;IGNITION SWTICH;C292501-0107;N/A;;EA
Consumable Part;IGNITION SWTICH;C292501-0109;N/A;;EA
Consumable Part;INSERT;66796P10;N/A;;EA
Consumable Part;INSTALL KIT;050-03378-0000;N/A;;EA
Consumable Part;INSTALL KIT;050-01780-0000;N/A;;EA
Consumable Part;INSTALL KIT;050-01550-0001;N/A;;EA
Consumable Part;INSTALL KIT;050-01577-0001;N/A;;EA
Consumable Part;INSTALL KIT GNS430;GNS-430/430W/530/530W S;N/A;;EA
Consumable Part;INSTALL KIT WITH LOOP CABLE;050-01756-0004;N/A;;EA
Consumable Part;INSULATOR;0470405-2;N/A;;EA
Consumable Part;INSULATOR;0470405-1;N/A;;EA
Consumable Part;INTERCOM;SPA400;N/A;;EA
Consumable Part;KEY;S3547-1;N/A;;EA
Consumable Part;KIT COMPAS;JMCRK;N/A;;EA
Consumable Part;KIT FLOW;05K23084;N/A;;EA
Consumable Part;KIT MOUNT;J-23502-1;N/A;;EA
Consumable Part;KIT PISTON  RING;05K22035;N/A;;EA
Consumable Part;KIT SHOCK MOUNT;J23502-1;N/A;;KIT
Consumable Part;KIT SL988;764-378;N/A;;EA
Consumable Part;KNIFE SPLICE/ RED;32446;N/A;;EA
Consumable Part;KNOB;S1995-5;N/A;;EA
Consumable Part;KNOB;S1728-1;N/A;;EA
Consumable Part;KNOB;0713250-1-532;N/A;;EA
Consumable Part;LAMP;34-0428020-65;N/A;;EA
Consumable Part;LAMP;4509;N/A;;EA
Consumable Part;LAMP;336;N/A;;EA
Consumable Part;LAMP;MS 25231-313;N/A;;EA
Consumable Part;LAMP;330;N/A;;EA
Consumable Part;LAMP;M6366/2-2;N/A;;EA
Consumable Part;LAMP;1073;N/A;;EA
Consumable Part;LAMP;751-581;N/A;;EA
Consumable Part;LAMP;GE307;N/A;;EA
Consumable Part;LAMP;WL-A-7512-24;N/A;;EA
Consumable Part;LAMP;4570 (28V);N/A;;EA
Consumable Part;LAMP;GE 94;N/A;;EA
Consumable Part;LAMP;4587;N/A;;EA
Consumable Part;LAMP;4596;N/A;;EA
Consumable Part;LAMP;4594;N/A;;EA
Consumable Part;LAMP;307;N/A;;EA
Consumable Part;LAMP;4570;N/A;;EA
Consumable Part;LAMP;306;N/A;;EA
Consumable Part;LAMP;WL-1512;N/A;;EA
Consumable Part;LAMP;32243-2;N/A;;EA
Consumable Part;LAMP;MS25309-7512;N/A;;EA
Consumable Part;LAMP;313;N/A;;EA
Consumable Part;LAMP;34-0412670-63;761-256;;EA
Consumable Part;LAMP;34-0414020-65;N/A;;EA
Consumable Part;LAMP;MS25231-313;N/A;;EA
Consumable Part;LAMP;308;N/A;;EA
Consumable Part;LAMP ASSY;02-0350433-01;N/A;;EA
Consumable Part;LAMP/BULB;387;N/A;;EA
Consumable Part;LAMP/BULB;34-0226010-91;N/A;;EA
Consumable Part;LATCH;0708114-1;N/A;;EA
Consumable Part;LATCH;KM610-64;N/A;;EA
Consumable Part;LATCH ASSY;1217066-2;N/A;;EA
Consumable Part;LATCH ASSY;1217066-1;N/A;;EA
Consumable Part;LEAD ASSEMBLY;10-400401-78;N/A;;EA
Consumable Part;LEFT DOOR;SA60-05-1;N/A;;EA
Consumable Part;LEFT FRONT KICK PANEL;SK60-03;N/A;;EA
Consumable Part;LENS;111-0016;N/A;;EA
Consumable Part;LENS RED;921-048-03;N/A;;EA
Consumable Part;LENS TAIL LIGHT;A4513-1;N/A;;EA
Consumable Part;LIGHT;C622001-0201;N/A;;EA
Consumable Part;LIGHT ASSY;C622001-0102;N/A;;EA
Consumable Part;LIGHT DIMMER KNOB;S1995-6;N/A;;EA
Consumable Part;LIGHT LOW VOLTAGE;52519-2;N/A;;EA
Consumable Part;LINE ASSY;1700121-127;N/A;;EA
Consumable Part;LINE ASSY;1700121-118;N/A;;EA
Consumable Part;LINE ASSY BRAKE;0500118-127;N/A;;EA
Consumable Part;LINE AY;0500-118 127;N/A;;EA
Consumable Part;LINE AY;0500118-164;N/A;;EA
Consumable Part;LINK;0511336-1;D3-4 LOCATION;;EA
Consumable Part;LINK ALTERNATOR;LW10726;N/A;;EA
Consumable Part;LINK CHAIN CONNECTOR;MCS2294-25;N/A;;EA
Consumable Part;LOCK;MM20-1088;N/A;;EA
Consumable Part;LOCK AY CONTROL SEAT;SIPL1925-1;N/A;;EA
Consumable Part;LOCK NUT;MS21069L4;N/A;;EA
Consumable Part;LOCK NUT;MS21047L08;N/A;;EA
Consumable Part;LOCK NUT;MS21044N10;N/A;;EA
Consumable Part;LOCK PLATE SHROUD TUBE;LW12272;N/A;;EA
Consumable Part;LOCK RING;0841200-19;N/A;;EA
Consumable Part;LOCKING WIRE;MS20995C-32;N/A;;EA
Consumable Part;LOCKING WIRE;0,25;N/A;;EA
Consumable Part;LOCKING WIRE;0.32;N/A;;ROLL
Consumable Part;LOCKING WIRE;MS20995C-41;N/A;;EA
Consumable Part;LOW VOLTAGE LAMP;S2519-2;N/A;;EA
Consumable Part;LOW VOLTAGE WARNING SYSTEM;10-02573;N/A;;EA
Consumable Part;LPS 1;116;N/A;;EA
Consumable Part;LPS 2;216;N/A;;EA
Consumable Part;LPS 3;316;N/A;;EA
Consumable Part;M800-28V CLOCK W/BATT;800-28V-BAT;N/A;;EA
Consumable Part;MACRO SWITCH;S1906-1;N/A;;EA
Consumable Part;"MADRAS AIR SERVICE ""SUPER TRIP""";STC SA2075;N/A;;EA
Consumable Part;MAIN TYRE;606C61B1;N/A;;EA
Consumable Part;MAIN TYRE;072-317-0;N/A;;EA
Consumable Part;MAIN TYRE;606C66-8;N/A;;EA
Consumable Part;MAIN TYRE;070-314-0;N/A;;EA
Consumable Part;MAJUN;MAJUN;N/A;;KG
Consumable Part;MANIFOLD ASSY;1H5-8;N/A;;EA
Consumable Part;MANUAL GFD MULTI ENGINE;10001888-003;N/A;;EA
Consumable Part;METHYL PROPYL KETON;54;N/A;;LTR
Consumable Part;MIC CORD ASSY;10405G-05;N/A;;EA
Consumable Part;MICROPHON PLUG;SWC480X;N/A;;EA
Consumable Part;MICROPHONE;09168P-33;N/A;;EA
Consumable Part;MICROPHONE;12948G01;N/A;;EA
Consumable Part;MICROPHONE;TEL-66T;N/A;;EA
Consumable Part;MICROPHONE ICOM;HM-176;N/A;;EA
Consumable Part;MIRROR COWLING;474-365;N/A;;EA
Consumable Part;MOD KIT;88433-002;N/A;;EA
Consumable Part;MONITOR SIMULATOR;N/A;N/A;;EA
Consumable Part;MONTED MIC & JACK PHONE;FAP08-1;N/A;;EA
Consumable Part;MOUNT;0413523-6;N/A;;EA
Consumable Part;MOUNT COWL;J7444-42;N/A;;EA
Consumable Part;MOUNT HYDROULIC;96902-000;N/A;;EA
Consumable Part;MOUNTING KIT;MK-02;N/A;;EA
Consumable Part;MOUNTING KIT;MK-01;N/A;;EA
Consumable Part;MOUNTING PLATE;047-04956-0003;N/A;;EA
Consumable Part;MOUNTING RACK GNS430;115-00243-00;N/A;;EA
Consumable Part;MOUNTING TRAY;047-09628-0004;N/A;;EA
Consumable Part;MOUNTING TRAY;047-05193-0002;N/A;;EA
Consumable Part;MOUNTING TRAY;047-04874-0001;N/A;;EA
Consumable Part;MOUNTING TRAY;047-0940-004;N/A;;EA
Consumable Part;MPK;METHYL PROPYL KETONE;N/A;;PAIL
Consumable Part;MUFFLER;A1754001-25;N/A;;EA
Consumable Part;MULTI PURPOSE FLUID (AEROSHELL FLUID 3);MIL-PRF-7870;N/A;;LITER
Consumable Part;NIPPLE;MS25171-1S;N/A;;EA
Consumable Part;NIPPLE;AN4022-1;N/A;;EA
Consumable Part;NIPPLE;MS25171-2S;N/A;;EA
Consumable Part;NIPPLE;MS25171-3S;N/A;;EA
Consumable Part;NIPPLE;MS25171-4S;N/A;;EA
Consumable Part;NIPPLE;AN816-2D;N/A;;EA
Consumable Part;NIPPLE;AN911-1D;N/A;;EA
Consumable Part;NOSE TUBE;092-308-0;N/A;;EA
Consumable Part;NOSE TUBE;092-308-1;N/A;;EA
Consumable Part;NOSE TYRE;505C61-8;N/A;;EA
Consumable Part;NUT;MS25082B2;N/A;;EA
Consumable Part;NUT;AN315-4R;N/A;;EA
Consumable Part;NUT;MS21245-7;N/A;;EA
Consumable Part;NUT;MS 21045-3;N/A;;EA
Consumable Part;NUT;1514119-3;N/A;;EA
Consumable Part;NUT;STD1410;N/A;;EA
Consumable Part;NUT;MS21245L7;N/A;;EA
Consumable Part;NUT;094-15200;N/A;;EA
Consumable Part;NUT;MS21042L5;N/A;;EA
Consumable Part;NUT;MS21042L4;N/A;;EA
Consumable Part;NUT;MS21044N4;N/A;;EA
Consumable Part;NUT;MS21044N7;N/A;;EA
Consumable Part;NUT;MS21042L3;N/A;;EA
Consumable Part;NUT;AN310C4;N/A;;EA
Consumable Part;NUT;MS21045L6;N/A;;EA
Consumable Part;NUT;MS20365-720C;N/A;;EA
Consumable Part;NUT;MS21045-3;N/A;;EA
Consumable Part;NUT;MS21083N3;N/A;;EA
Consumable Part;NUT;MS21042-5;N/A;;EA
Consumable Part;NUT;MS21045L8;N/A;;EA
Consumable Part;NUT;AN316-6R;N/A;;EA
Consumable Part;NUT;MS25649-265B;N/A;;EA
Consumable Part;NUT;S1914-8;N/A;;EA
Consumable Part;NUT;MS21045L06;N/A;;EA
Consumable Part;NUT;MS1045-3;MS21045-3;;EA
Consumable Part;NUT BK;0413613-1-279;N/A;;EA
Consumable Part;NUT PIN;MS2108343;N/A;;EA
Consumable Part;NUT PLAIN;AN310-4;N/A;;EA
Consumable Part;NUT PLATE;MS21059L08;N/A;;EA
Consumable Part;NUT PLATE;MS21047L3K;N/A;;EA
Consumable Part;NUT PLATE;MS21071L08;N/A;;EA
Consumable Part;NUT PLATE;MS21049L08K;N/A;;EA
Consumable Part;NUT,SELF LOCKING;MS21044N5;N/A;;EA
Consumable Part;O RING;MS29513-138;N/A;;EA
Consumable Part;O RING;MS28775-222;N/A;;EA
Consumable Part;O RING;760-504;N/A;;EA
Consumable Part;O RING;MS28775-230;N/A;;EA
Consumable Part;O RING;MS28775-221;N/A;;EA
Consumable Part;O RING;C-3317-228;N/A;;EA
Consumable Part;O RING;M83461/1-224;N/A;;EA
Consumable Part;O RING;MS28775-015;N/A;;EA
Consumable Part;O RING;755-836;N/A;;EA
Consumable Part;O RING;MS28775-228;N/A;;EA
Consumable Part;O RING;MS28775-225;N/A;;EA
Consumable Part;O RING;MS28775-006;N/A;;EA
Consumable Part;O RING;MS28775-327;N/A;;EA
Consumable Part;O RING;MS28775-227;N/A;;EA
Consumable Part;O RING;MS28775-110;N/A;;EA
Consumable Part;O RING;MS3248-1-012;N/A;;EA
Consumable Part;O RING;MS28775-010;N/A;;EA
Consumable Part;O RING;483248/2-906;N/A;;EA
Consumable Part;O RING;MS29513-111;N/A;;EA
Consumable Part;O RING;755-834;N/A;;EA
Consumable Part;OIL ENGINE;ASW100+;N/A;;LITER
Consumable Part;OIL ENGINE;ASW100;N/A;;LTR
Consumable Part;OIL ENGINE;AS100;N/A;;QTS
Consumable Part;OIL FILTER;CH48110-1;N/A;;EA
Consumable Part;OIL FILTER;CH48103-1;N/A;;EA
Consumable Part;OIL PRESS GAGE;2646-00053;N/A;;EA
Consumable Part;OIL PRESS GAGE;6246-00380;N/A;;EA
Consumable Part;OIL PRESS GAGE;2646-00065;N/A;;EA
Consumable Part;OIL PRESS SWITCH;588-206;N/A;;EA
Consumable Part;OIL TEMP;S2335-1;N/A;;EA
Consumable Part;OIL TEMP;548-790;N/A;;EA
Consumable Part;OIL TEMP/OIL PRESS IND 172R;S3279-1;N/A;;EA
Consumable Part;PACKING;MS28775-012;N/A;;EA
Consumable Part;PACKING;MS28775-333;N/A;;EA
Consumable Part;PACKING;MS28775-210;N/A;;EA
Consumable Part;PACKING;MS28778-3;N/A;;EA
Consumable Part;PACKING;MS28775-011;N/A;;EA
Consumable Part;PACKING;MS28775-329;N/A;;EA
Consumable Part;PACKING;MS29513-010;N/A;;EA
Consumable Part;PACKING;MS28775-224;N/A;;EA
Consumable Part;PACKING;MS28775-008;N/A;;EA
Consumable Part;PACKING;MS28775-213;N/A;;EA
Consumable Part;PACKING;M83248/1-011;N/A;;EA
Consumable Part;PACKING RING;1628-329;N/A;;EA
Consumable Part;PAN AY;0513109-4;N/A;;EA
Consumable Part;PANEL BAGAGE;0515012-1;N/A;;EA
Consumable Part;PERSONAL ELT 406;406;N/A;;EA
Consumable Part;PICK OFF;763-504;N/A;;EA
Consumable Part;PILOTS GUIDE GNS430;190-00140-00;N/A;;EA
Consumable Part;PIN;S1635-1;N/A;;EA
Consumable Part;PIN;MS20392-1C21;N/A;;EA
Consumable Part;PIN;S2353-3;N/A;;EA
Consumable Part;PIN;1714067-5;N/A;;EA
Consumable Part;PIN;1552004-17;N/A;;EA
Consumable Part;PIN;A2973-6;N/A;;EA
Consumable Part;PIN;S1635-3LP;N/A;;EA
Consumable Part;PIN;NAS561P4-10;N/A;;EA
Consumable Part;PIN;NAS561-3-6;N/A;;EA
Consumable Part;PIN;MS20392-2C15;N/A;;EA
Consumable Part;PIN;MS20392-1C11;N/A;;EA
Consumable Part;PIN;S1853-4;N/A;;EA
Consumable Part;PIN;177-00300;N/A;;EA
Consumable Part;PIN AY;0717024-18;N/A;;EA
Consumable Part;PIPER KIT MOUNT;MPA44-1P;N/A;;EA
Consumable Part;PIPER SEAT ADJUSMENT SPRING;MC 587-404;N/A;;EA
Consumable Part;PITOT TUBE;96392-007;N/A;;EA
Consumable Part;PITOT TUBE ASSY;0721105-12;N/A;;EA
Consumable Part;PLAT;0.2;N/A;;SET
Consumable Part;PLATE;0515073-3;N/A;;EA
Consumable Part;PLATE;075-03900;N/A;;EA
Consumable Part;PLATE;101-0016;N/A;;EA
Consumable Part;PLATE;073-01100;N/A;;EA
Consumable Part;PLATE;73385;N/A;;EA
Consumable Part;PLATE BACK;074-30027;N/A;;EA
Consumable Part;PLATE BACK;074-01000;N/A;;EA
Consumable Part;PLOTTER PJ-1  ROTATING AZMIUTH;10009524-001;N/A;;EA
Consumable Part;PLUG;STD-1211;N/A;;EA
Consumable Part;PLUG;541139;N/A;;EA
Consumable Part;PLUG FLARED TUBE;AN806-3D;N/A;;EA
Consumable Part;PLUG MIC;PJ068/M642/5-1;N/A;;EA
Consumable Part;PLUG PHON;PJ055B/M642/4-1;N/A;;EA
Consumable Part;PLUG PHONE;PJO55B;N/A;;EA
Consumable Part;POP RIVET;JM41006;N/A;;EA
Consumable Part;POST INSTRUMENT LIGHT HD ASSY;A354-CL-BK;N/A;;EA
Consumable Part;POWER SUPLY;C622008-0102;152-0010;;EA
Consumable Part;POWER SUPLY;01-0770062-03;N/A;;EA
Consumable Part;POWER SUPLY;01-0770006-08;N/A;;EA
Consumable Part;POWER SUPPLY;152-0010;N/A;;EA
Consumable Part;POWER SUPPLY;481-247;N/A;;EA
Consumable Part;POWER SUPPLY STROBE;01-0770028-05;N/A;;EA
Consumable Part;PRC SEALENT (1202);PR1422B2;N/A;;EA
Consumable Part;PRC SEALENT (120Z);PR1422B1/2;N/A;;SET
Consumable Part;PREASSURE PLATE;073-30024;N/A;;EA
Consumable Part;PRESS SWITCH;587-847;N/A;;EA
Consumable Part;PROBE EGT TYPE K;86255;N/A;;EA
Consumable Part;PROBE TIT;985;N/A;;EA
Consumable Part;QUICK REFERENCE GUIDE;190-00140-01;N/A;;EA
Consumable Part;RAISER;9954100-7F;N/A;;EA
Consumable Part;RAISER;99542100-4F;N/A;;EA
Consumable Part;RAISER FORWARD,RH;W1754010-1;N/A;;EA
Consumable Part;RAM AIR COOLING KIT;071-4001-00;N/A;;EA
Consumable Part;REAR WINDOW;K0515053-2;N/A;;EA
Consumable Part;RECEPTACLE ASSY;89097-007;N/A;;EA
Consumable Part;REGULATOR VACUUM;AA2H3-12;N/A;;EA
Consumable Part;REINFORCE;0531037-1;N/A;;EA
Consumable Part;RELAY;460-397;N/A;;EA
Consumable Part;REPAIR KIT SEAL O,RING;199-538A;N/A;;EA
Consumable Part;RESISTOR;S2091-5;N/A;;EA
Consumable Part;RESISTOR DIMMING ASSY;S2091-9;N/A;;EA
Consumable Part;RETAINER;153-30013;N/A;;EA
Consumable Part;RETAINER;153-30014;N/A;;EA
Consumable Part;RETAINER LEKES;A2108A;N/A;;EA
Consumable Part;RETAINING RING;00009M03;N/A;;PACK
Consumable Part;RIB;0523036-1;N/A;;EA
Consumable Part;RIB;0523514-7;N/A;;EA
Consumable Part;RIB;0523515-7;N/A;;EA
Consumable Part;RIB;0722200-1;N/A;;EA
Consumable Part;RIB;0523031-2;N/A;;EA
Consumable Part;RIB;0523030-2;N/A;;EA
Consumable Part;RIB;0523032-2;N/A;;EA
Consumable Part;RIB;0523033-2;N/A;;EA
Consumable Part;RIB;0523032-1;N/A;;EA
Consumable Part;RIB;0523034-1;N/A;;EA
Consumable Part;RIB;0523034-2;N/A;;EA
Consumable Part;RIB;0523035-2;N/A;;EA
Consumable Part;RIB;0523036-2;N/A;;EA
Consumable Part;RIB AY;0525001-1;N/A;;EA
Consumable Part;RIGHT DOOR;SA60-06-1;N/A;;EA
Consumable Part;RIGHT FRONT KICK PANEL;SA60-04;N/A;;EA
Consumable Part;RING;S16280110;N/A;;EA
Consumable Part;RING;155-04700;N/A;;EA
Consumable Part;RING;S-1115-9;N/A;;EA
Consumable Part;RING;MS28782-15;N/A;;EA
Consumable Part;RING;1243626-1;N/A;;EA
Consumable Part;RING;MS28775-113;N/A;;EA
Consumable Part;RING,BACK UP,STRUT;S1628-329;N/A;;EA
Consumable Part;RISER;9954100-6F;N/A;;EA
Consumable Part;RISER;A1754007-1;N/A;;EA
Consumable Part;RISER;W1754007-1;N/A;;EA
Consumable Part;RISER;W1754008-1;N/A;;EA
Consumable Part;RISER;9954100-4F;N/A;;EA
Consumable Part;RISER;A1754010-1;N/A;;EA
Consumable Part;RISER;A1754009-1;N/A;;EA
Consumable Part;RISER;A1754008-1;N/A;;EA
Consumable Part;RISER;9954100-SF;N/A;;EA
Consumable Part;RISER FORWARD,LH;W1754009-1;N/A;;EA
Consumable Part;RIVET;4;N/A;;EA
Consumable Part;RIVET;MS20470D5-10;N/A;;EA
Consumable Part;RIVET;102-00200;N/A;;EA
Consumable Part;RIVET;MS20470AD3-6;N/A;;EA
Consumable Part;RIVET;MS20426AD4-6A;N/A;;EA
Consumable Part;RIVET;MS20426AD3-6;N/A;;EA
Consumable Part;RIVET;BSPS-44;N/A;;EA
Consumable Part;RIVET;MS20470AD5-10;N/A;;EA
Consumable Part;RIVET;MS20470AD4-6;N/A;;EA
Consumable Part;RIVET;MS20426AD4-6;N/A;;EA
Consumable Part;RIVET;CCP-54;N/A;;EA
Consumable Part;RIVET;CCP-94;CCP-44;;EA
Consumable Part;RIVET;MS20470AD3-3A;N/A;;EA
Consumable Part;RIVET;S2906-4-2;N/A;;EA
Consumable Part;RIVET;S2906-5-3;N/A;;EA
Consumable Part;RIVET;S2906-4-3;N/A;;EA
Consumable Part;RIVET;3,2;N/A;;EA
Consumable Part;RIVET;3.2 COUNTERSUNK;N/A;;EA
Consumable Part;RIVET;105-00200;N/A;;EA
Consumable Part;RIVET BRAKE LINNING;06-02908;N/A;;EA
Consumable Part;RIVET BRAKE LINNING;561;N/A;;EA
Consumable Part;RIVET ROUND;MS20470AD3-4A;N/A;;EA
Consumable Part;RIVET SOLID (COUNTER SHANK);MS20426AD4-4A;N/A;;EA
Consumable Part;RIVET/CHERY RIVET;CAN43078B4-2;N/A;;EA
Consumable Part;RIVET/CHERY RIVET;CCP-44;N/A;;EA
Consumable Part;RIVET/CHERY RIVET;CAN43078B4-4;N/A;;EA
Consumable Part;RIVNUT;NAS1329A80-75;N/A;;EA
Consumable Part;RIVNUT;NAS1329A3K80;N/A;;EA
Consumable Part;ROD;0523537-2;N/A;;EA
Consumable Part;ROD;86262-008;N/A;;EA
Consumable Part;ROD ASSY;62764-800;N/A;;EA
Consumable Part;ROD ASSY- PUSH;15F19957-30;N/A;;EA
Consumable Part;ROD ASSY - PUSH;LW-15324;N/A;;EA
Consumable Part;ROD END;S1823-3;N/A;;EA
Consumable Part;ROD END ASSY;89307-000;N/A;;EA
Consumable Part;ROLL PIN;NAS561P4-12;N/A;;EA
Consumable Part;ROLLER;S1704-1;N/A;;EA
Consumable Part;ROLLER ASSY;523921;N/A;;EA
Consumable Part;ROLLER ASSY;523920;N/A;;EA
Consumable Part;ROLLER HOUSING ASSY;1714000-33;N/A;;EA
Consumable Part;ROLOC SCOTH BRITE;3M;N/A;;EA
Consumable Part;SAFETY LOCK WIRE;MS20995C20;N/A;;EA
Consumable Part;SAFETY WIRE;0,41;N/A;;ROL
Consumable Part;SCAL FLET;154-00300;N/A;;EA
Consumable Part;SCEET 4;SCEET 4;N/A;;EA
Consumable Part;SCOOP;0722202-1-791;N/A;;EA
Consumable Part;SCOTCH BRITE;6444;N/A;;EA
Consumable Part;SCRAP RING;S2418-1;N/A;;EA
Consumable Part;SCREW;AN525-10R8;N/A;;EA
Consumable Part;SCREW;MS24693S48;N/A;;EA
Consumable Part;SCREW;MS27039-1;N/A;;EA
Consumable Part;SCREW;MS35214-32;N/A;;EA
Consumable Part;SCREW;MS35206-228;N/A;;EA
Consumable Part;SCREW;MS24693S26;N/A;;EA
Consumable Part;SCREW;MS35206-215;N/A;;EA
Consumable Part;SCREW;MS35206-231;N/A;;EA
Consumable Part;SCREW;MS35214-31;N/A;;EA
Consumable Part;SCREW;MS35214-27;N/A;;EA
Consumable Part;SCREW;NAS514P1032;N/A;;EA
Consumable Part;SCREW;NAS1352-3-10;N/A;;EA
Consumable Part;SCREW;AN525-832R7;N/A;;EA
Consumable Part;SCREW;NAS514P1032-14;N/A;;EA
Consumable Part;SCREW;NAS388-10-7P;N/A;;EA
Consumable Part;SCREW;S1021A4-6E;N/A;;EA
Consumable Part;SCREW;S1021Z8-8;N/A;;EA
Consumable Part;SCREW;STD1925;N/A;;EA
Consumable Part;SCREW;MS27039-08-12;N/A;;EA
Consumable Part;SCREW;MS24693S30;N/A;;EA
Consumable Part;SCREW;MS35207-263;N/A;;EA
Consumable Part;SCREW;AN565B2H3;N/A;;EA
Consumable Part;SCREW;S1021A4-10E;N/A;;EA
Consumable Part;SCREW;AN525-10R12;N/A;;EA
Consumable Part;SCREW;MS27039-1-08;N/A;;EA
Consumable Part;SCREW;MS35206-245;N/A;;EA
Consumable Part;SCREW;STD1874;N/A;;EA
Consumable Part;SCREW;MS27039-0808;N/A;;EA
Consumable Part;SCREW;MS24693528;N/A;;EA
Consumable Part;SCREW;MS27039-0812;N/A;;EA
Consumable Part;SCREW;AN525-10R7;N/A;;EA
Consumable Part;SCREW;NAS 388-10-7E;N/A;;EA
Consumable Part;SCREW;MS35265-41;N/A;;EA
Consumable Part;SCREW;NAS388-10-78;N/A;;EA
Consumable Part;SCREW 2 3/8;089-05534-0036;N/A;;EA
Consumable Part;SCREW AY;0514027-21;N/A;;EA
Consumable Part;SCREW KIT;MC105;N/A;;EA
Consumable Part;SCREW KIT;SR6-SCREW-KIT;N/A;;EA
Consumable Part;SEAL;06A23493;N/A;;EA
Consumable Part;SEAL;LW13792;N/A;;EA
Consumable Part;SEAL;70310;N/A;;EA
Consumable Part;SEAL;0700322-4;N/A;;EA
Consumable Part;SEAL DOOR;36722-004;N/A;;EA
Consumable Part;SEAL GREASE;154-12400;N/A;;EA
Consumable Part;SEAL POLY PAK;A2748;N/A;;EA
Consumable Part;SEAL SHROUD TUBE;LW18661;N/A;;EA
Consumable Part;SEALANT;U554426;N/A;;FT
Consumable Part;SEALANT;PR-1422B 1/2;N/A;;EA
Consumable Part;SEAT BELTS;504516-401-8013;N/A;;EA
Consumable Part;SEAT BELTS;13-00401;N/A;;EA
Consumable Part;SEAT RAIL;0514209-1;N/A;;EA
Consumable Part;SEAT RAIL;0514209-3;N/A;;EA
Consumable Part;SEAT RAIL;MC241002-2;N/A;;EA
Consumable Part;SEAT RAIL;051479-1S;N/A;;EA
Consumable Part;SEAT RAIL;MC241002-1;N/A;;EA
Consumable Part;SEAT RAIL;00514209-4;N/A;;EA
Consumable Part;SEAT RAIL (BAR DESIGN);MC0511242-1;N/A;;EA
Consumable Part;SEAT RAIL WEAR GAUGE;SR1;N/A;;EA
Consumable Part;SEAT ROLLER, HOUSING GAUGE;TOOL110;N/A;;EA
Consumable Part;SEAT STOP;SK210-174B;N/A;;EA
Consumable Part;SEAT STOP;MC0713074-1;N/A;;EA
Consumable Part;SEAT STOP KIT;05-00581;N/A;;EA
Consumable Part;SEAT STOP KIT;05-00580;N/A;;EA
Consumable Part;SELF LOCKING NUT;MS21044N3;N/A;;EA
Consumable Part;SENDER;486-483;N/A;;EA
Consumable Part;SENDER ASSY;548-729;N/A;;EA
Consumable Part;SENSOR CURRENT;CS3200;N/A;;EA
Consumable Part;SHAF TACHOMETER;S2550-10;N/A;;EA
Consumable Part;SHAFT;1217050-5;N/A;;EA
Consumable Part;SHAFT AIR BOX;05-04431;N/A;;EA
Consumable Part;SHAFT AY,LH;1217050-6;N/A;;EA
Consumable Part;SHAFT TACH;S2550-15;N/A;;EA
Consumable Part;SHELD;0723201-2;N/A;;EA
Consumable Part;SHIELD;0723201-1;N/A;;EA
Consumable Part;SHIELD AY;0553028-1;N/A;;EA
Consumable Part;SHROUD CARB HEAT;0554006-1;N/A;;EA
Consumable Part;SHROUD MUFFLER;A9954100-3;N/A;;ASSY
Consumable Part;SILENCER;0710013-5;N/A;;EA
Consumable Part;SILICON BAFFLE;05-00810;N/A;;EA
Consumable Part;SIMMY DAMPENER;0442512-1;N/A;;EA
Consumable Part;SNAP RING;484-723;N/A;;EA
Consumable Part;SNAP RING;155-00200;N/A;;EA
Consumable Part;SNAP RING;155-11800;N/A;;EA
Consumable Part;SNAP RING;155-11900;N/A;;EA
Consumable Part;SNAP RING;155-04800;N/A;;EA
Consumable Part;SNAP RING;155-00100;N/A;;EA
Consumable Part;SOCKET;S1636-3;N/A;;EA
Consumable Part;SOCKET;S1636-1;N/A;;EA
Consumable Part;SPACER;0711021-12;N/A;;EA
Consumable Part;SPACER;523307;N/A;;EA
Consumable Part;SPACER;NAS43HT3-34;N/A;;EA
Consumable Part;SPACER;NAS43HT3-216;N/A;;EA
Consumable Part;SPACER;0543037-1;N/A;;EA
Consumable Part;SPACER;1220114-2;N/A;;EA
Consumable Part;SPACER;122011-4-1;N/A;;EA
Consumable Part;SPACER;1220114-1;N/A;;EA
Consumable Part;SPAR;0523206-2;N/A;;EA
Consumable Part;SPAR;0523206-3;N/A;;EA
Consumable Part;SPAR ASSY;0532001-98;N/A;;EA
Consumable Part;SPARK PLUG;RHB32;N/A;;EA
Consumable Part;SPARK PLUG;RHB32E;N/A;;EA
Consumable Part;SPARK PLUG;REM40E;N/A;;EA
Consumable Part;SPINNER;0550367-3;N/A;;EA
Consumable Part;SPOT FACE KIT;SPOT FACE KIT;N/A;;EA
Consumable Part;SPRING;082-00900;N/A;;EA
Consumable Part;SPRING;082-02100;N/A;;EA
Consumable Part;SPRING;1552010-1;N/A;;EA
Consumable Part;SPRING;0711021-9;N/A;;EA
Consumable Part;SPRING;713063;N/A;;EA
Consumable Part;SPRING;0710015-13;N/A;;EA
Consumable Part;SPRING;0310196-5 L/H;N/A;;EA
Consumable Part;SPRING (LH);0310196-5;N/A;;EA
Consumable Part;SPRING (RH);0310196-12;N/A;;EA
Consumable Part;SPRING PARKING BRAKE;0513154-1;N/A;;EA
Consumable Part;SPRING PIN;B-3842-0750;N/A;;EA
Consumable Part;STATIC DISCHARGE;ESD-3;N/A;;EA
Consumable Part;STATIC DISCHARGE (WICK);C592001-0201;N/A;;EA
Consumable Part;STOP SEAT;0713074-1;N/A;;EA
Consumable Part;STRIKER OIL DOOR TOP;1552004-25;N/A;;EA
Consumable Part;STRIP FELT;6881877;N/A;;FT
Consumable Part;STRIP FELT;G881879;N/A;;EA
Consumable Part;STROBE LIGHT;02-0250276-00;N/A;;EA
Consumable Part;STROBE LIGHT;01-0770044-00;N/A;;EA
Consumable Part;STROBE LIGHT;073-0270;N/A;;EA
Consumable Part;STROBE LIGHT;01-0770509-07;N/A;;EA
Consumable Part;STUD;S1115-32;N/A;;EA
Consumable Part;STUD;0550198-1;N/A;;EA
Consumable Part;STUD;S1115-35;N/A;;EA
Consumable Part;STUD;98293-3;N/A;;EA
Consumable Part;STUD;0742410-27;N/A;;EA
Consumable Part;SUMP;S1258-1;N/A;;EA
Consumable Part;SUPER HOOD;13-30200;N/A;;EA
Consumable Part;SUPPORT;0552181-1;N/A;;EA
Consumable Part;SUPPORT COLLAR;2460038-1;N/A;;EA
Consumable Part;SUPPORT/RING GEAR;76628;N/A;;EA
Consumable Part;SWITCH;TA201-TW-B;N/A;;EA
Consumable Part;SWITCH;C906-5;N/A;;EA
Consumable Part;SWITCH;S3010-1;N/A;;EA
Consumable Part;SWITCH;V7-1C17E9-201;N/A;;EA
Consumable Part;SWITCH;TT6C-TA201-TW-B;N/A;;EA
Consumable Part;SWITCH;S1994-1-1;N/A;;EA
Consumable Part;SWITCH;TTGC-TA201TW-B;N/A;;EA
Consumable Part;SWITCH;S3377-1-1;N/A;;EA
Consumable Part;SWITCH;TTGC-TA201-TW-B;N/A;;EA
Consumable Part;SWITCH OIL PREASSURE;83278;N/A;;EA
Consumable Part;SWITCH PTT;100702;N/A;;EA
Consumable Part;SWITCH PTT;S2870-1;N/A;;EA
Consumable Part;TAIL LIGHT POSITION;A2064;N/A;;EA
Consumable Part;TAPES;PM-T4H;N/A;;EA
Consumable Part;TAXY LIGHT;4553;N/A;;EA
Consumable Part;TEE;AN824-20;N/A;;EA
Consumable Part;TELEX MICROPHONE;62800-001;N/A;;EA
Consumable Part;TERMINAL;S1367-6-13;N/A;;EA
Consumable Part;TERMINAL;S1943-1;N/A;;EA
Consumable Part;TERMINAL;MS25036-106;N/A;;EA
Consumable Part;TERMINAL;W25203E-123;N/A;;EA
Consumable Part;TERMINAL;36152;N/A;;EA
Consumable Part;TERMINAL;31890;N/A;;EA
Consumable Part;TERMINAL;S1493-1;N/A;;EA
Consumable Part;TERMINAL;322897;N/A;;EA
Consumable Part;TERMINAL;31880;N/A;;EA
Consumable Part;TERMINAL;MS25036-153;N/A;;EA
Consumable Part;TERMINAL;S1943-3;N/A;;EA
Consumable Part;TERMINAL;S1943-2;N/A;;EA
Consumable Part;TESTER FUEL DRAIN;391S;N/A;;EA
Consumable Part;THINNER;C25/90S;N/A;;PAIL
Consumable Part;THROTLE CONTROL;6403;N/A;;EA
Consumable Part;TIARA;K0514127-2;N/A;;EA
Consumable Part;TIARA;K0514127-3;N/A;;EA
Consumable Part;TIARA CENTER;K0514127-1;N/A;;EA
Consumable Part;TIP;0531006-80-791;N/A;;EA
Consumable Part;TIP;S2742-1;N/A;;EA
Consumable Part;TIP ELEVATOR,LH;28-09-L;N/A;;EA
Consumable Part;TIP ELEVATOR,RH;28-09-R;N/A;;EA
Consumable Part;TIP HORIZONTAL STAB,LH/RH;SA-0532001-93;N/A;;EA
Consumable Part;TRANDUSER;P165-281;N/A;;EA
Consumable Part;TRANSMITER;C668050-1001;N/A;;EA
Consumable Part;TRANSMITER FUEL LH;C668050-0801;N/A;;EA
Consumable Part;TRANSMITER FUEL RH;C668050-0502;N/A;;EA
Consumable Part;TRANSMITER FUEL RH;C668050-1002;N/A;;EA
Consumable Part;TREAD LUBE;2612;N/A;;EA
Consumable Part;TRUNNION ASSY NOSE GEAR;67054-803;N/A;;EA
Consumable Part;TUBE;02-0350433-01M;N/A;;EA
Consumable Part;TUBE AND BEARING;498;N/A;;EA
Consumable Part;TUBE AY N.G;MC0543022-2C;N/A;;EA
Consumable Part;TUBE AY N.G;MC0543022-1C;N/A;;EA
Consumable Part;TUBE MAIN;302-246-401;N/A;;EA
Consumable Part;TUBE OIL LEVEL GAUGE;56C23075;N/A;;EA
Consumable Part;TUBE, SHROUD;15G23461;N/A;;EA
Consumable Part;TUBING;P610049;N/A;;EA
Consumable Part;U-JOINT;411257;N/A;;EA
Consumable Part;UNDERCUT COMPORT-GEL EAR SEALS;40863G-02;N/A;;PAIR
Consumable Part;UNIVERSAL JOINT;UJC-KT-1;N/A;;KIT
Consumable Part;VACUM MANIFOLD;1H5-23;N/A;;EA
Consumable Part;VACUMP FILTER;AAD9-18-1;N/A;;EA
Consumable Part;VACUMP FILTER;AA2J4-7;N/A;;EA
Consumable Part;VACUMP PUMP;212CW;N/A;;EA
Consumable Part;VACUMP PUMP;211CC;N/A;;EA
Consumable Part;VACUUMP PUMP;215CC;N/A;;EA
Consumable Part;VACUUMP PUMP;216CW;N/A;;EA
Consumable Part;VACUUMP REGULATOR;2H3-27;N/A;;EA
Consumable Part;VALVE;S2020-2;N/A;;EA
Consumable Part;VALVE;F391-72;N/A;;EA
Consumable Part;VALVE;492-303;N/A;;EA
Consumable Part;VALVE AIR HIGH PRESSURE;492-401;N/A;;EA
Consumable Part;VALVE ASSY;86875-002;N/A;;EA
Consumable Part;VALVE ASSY;0552169-6;N/A;;EA
Consumable Part;VALVE BP;S2359-1;N/A;;EA
Consumable Part;VALVE DRAIN;S1951-5;N/A;;EA
Consumable Part;VALVE FUEL;9851067-4S;N/A;;EA
Consumable Part;VALVE PARKING;492-152;N/A;;EA
Consumable Part;VALVE SELENOID;1480-00-1;N/A;;EA
Consumable Part;VALVE STRUT;S1827-1;N/A;;EA
Consumable Part;VENT;492-203;N/A;;EA
Consumable Part;VOLTAGE REGULATOR;ELECTROLITE;N/A;;EA
Consumable Part;VOLTAGE REGULATOR;R25400;N/A;;EA
Consumable Part;VOLTAGE REGULATOR;VR515GA;N/A;;EA
Consumable Part;VOLTAGE REGULATOR;VR515 GA;N/A;;EA
Consumable Part;VOLTAGE REGULATOR;550-393;N/A;;EA
Consumable Part;VOLTAGE REGULATOR;DGR3;N/A;;EA
Consumable Part;VOLTAGE REGULATOR;UNREAD;N/A;;EA
Consumable Part;VOLUME CONTROL;09349P-34;N/A;;EA
Consumable Part;VOLUME KNOB;15109P01;N/A;;EA
Consumable Part;VOR ANTENNA DIPLEXER;C1-507;N/A;;EA
Consumable Part;WASHER;MS35333-40;N/A;;EA
Consumable Part;WASHER;NAS1149D0332K;N/A;;EA
Consumable Part;WASHER;NAS1149F0463P;N/A;;EA
Consumable Part;WASHER;NAS1149F0763P;N/A;;EA
Consumable Part;WASHER;153-30015;N/A;;EA
Consumable Part;WASHER;NAS1149F0532P;N/A;;EA
Consumable Part;WASHER;NAS11499C0463R;AN960C416;;EA
Consumable Part;WASHER;A-1638-11;N/A;;EA
Consumable Part;WASHER;NAS1149F0332P;N/A;;EA
Consumable Part;WASHER;NAS697A4;MS21069L4;;EA
Consumable Part;WASHER;AN901-5A;N/A;;EA
Consumable Part;WASHER;NAS1149F0863P;N/A;;EA
Consumable Part;WASHER;NAS1149F0363P;N/A;;EA
Consumable Part;WASHER;MS21071L06;N/A;;EA
Consumable Part;WASHER;MS2171L09;N/A;;EA
Consumable Part;WASHER;S1450-5-12-035;N/A;;EA
Consumable Part;WASHER;1795;N/A;;EA
Consumable Part;WASHER;S1450-7N32-125;N/A;;EA
Consumable Part;WASHER;S1450-5H12-050;N/A;;EA
Consumable Part;WASHER;S1450-23H16-095;N/A;;EA
Consumable Part;WASHER;MS35333-38;N/A;;EA
Consumable Part;WASHER;S1450-6-14-080;N/A;;EA
Consumable Part;WASHER;85012-101;N/A;;EA
Consumable Part;WASHER;S1450-3S10-032;N/A;;EA
Consumable Part;WASHER;NAS1149F0663P;N/A;;EA
Consumable Part;WASHER;NAS1149F0732P;N/A;;EA
Consumable Part;WASHER;STD475;N/A;;EA
Consumable Part;WASHER;NAS1149F0432P;N/A;;EA
Consumable Part;WASHER;62833-045;N/A;;EA
Consumable Part;WASHER FLAT;NAS1149F0563P;N/A;;EA
Consumable Part;WD 40;WD40;N/A;;EA
Consumable Part;WELD ASSY SPROCKET;62789-002;N/A;;EA
Consumable Part;WELD AY;0523552-2;N/A;;EA
Consumable Part;WHEEL ASSEMBLY;40-77B;N/A;;EA
Consumable Part;WHEEL ASSY;40-120C;N/A;;EA
Consumable Part;WHEEL HUB;40-90A;N/A;;EA
Consumable Part;WHELL ASSY;40-77C;N/A;;EA
Consumable Part;WHELLEN LED LANDING LIGHT 14V(S/C);01-0771833-10;N/A;;EA
Consumable Part;WHELLEN LED LANDING LIGHT 28V(S/C);01-0771833-20;N/A;;EA
Consumable Part;WHELLEN LED TAXI LIGHT 14V(S/C);01-0771833-25;N/A;;EA
Consumable Part;WHELLEN LED TAXI LIGHT 14V(S/C);01-0771833-15;N/A;;EA
Consumable Part;WHIP ANTENA ELT;C589511-0109;N/A;;EA
Consumable Part;WINDOW ASSY GREEN;0512180-7;N/A;;EA
Consumable Part;WINDOW ASSY GREEN;0512030-203;N/A;;EA
Consumable Part;WINDSHIELD;LP-337GT;N/A;;EA
Consumable Part;WIRE;C486554;N/A;;EA
Consumable Part;WIRE;18TGIT14-100FT;N/A;;EA
Consumable Part;WIRE;M27500-18MHIT08550;N/A;;EA
Consumable Part;WIRE;MS22759-44-18-9;MS22759-44-18-9;;EA
Consumable Part;WIRE;RG400;N/A;;EA
Consumable Part;WIRE;MS22759-44-14-9;MS22759-44-14-9;;EA
Repairable Part;A/H;23-501-06-16;N/A;;EA
Repairable Part;A/H;102-0080-05;N/A;;EA
Repairable Part;A/H INDICATOR;102-007-03;N/A;;EA
Repairable Part;ACTUATOR;C301002-6113;N/A;;EA
Repairable Part;ADF;066-1072-04;N/A;;EA
Repairable Part;ADF;066-1072-14;N/A;;EA
Repairable Part;ADF;066-1072-00;N/A;;EA
Repairable Part;ADF ANTENA KA-44B;071-1234-00;N/A;;EA
Repairable Part;ADF IND IN-346A;40980-1001;N/A;;EA
Repairable Part;ADF IND KI-227;066-3063-00;N/A;;EA
Repairable Part;ADF INDICATOR;066-3017-00;N/A;;EA
Repairable Part;ADF KR-87;006-1072-14;N/A;;EA
Repairable Part;ADF300;41240-0001;N/A;;EA
Repairable Part;AH;102-0041-04;N/A;;EA
Repairable Part;AIRSPEED IND;S-1470-49;N/A;;EA
Repairable Part;AIRSPEED IND;C661065-0107RX;N/A;;EA
Repairable Part;AIRSPEED IND;C661065-0107;N/A;;EA
Repairable Part;AIRSPEED IND;336-00004;N/A;;EA
Repairable Part;AIRSPEED INDICATOR;548-498;N/A;;EA
Repairable Part;ALTERNATOR;9910591-11ACR;N/A;;EA
Repairable Part;ALTERNATOR;ALX-8521LS;N/A;;EA
Repairable Part;ALTERNATOR;ALX-8521R;N/A;;EA
Repairable Part;ALTERNATOR;DOFF10300BR;N/A;;EA
Repairable Part;ALTERNATOR;9910591-7;N/A;;EA
Repairable Part;ALTERNATOR;9910591-11RX;N/A;;EA
Repairable Part;ALTERNATOR;ASG10001-17RX;N/A;;EA
Repairable Part;ALTIMETER;LA-71-11;N/A;;EA
Repairable Part;ALTIMETER;C661071-0101;N/A;;EA
Repairable Part;ALTIMETER;5934PM-3;N/A;;EA
Repairable Part;ALTIMETER;5934PAM-1;N/A;;EA
Repairable Part;ANTENA ADF KR86;066-1038-00;N/A;;EA
Repairable Part;ANTENNA;C157;N/A;;EA
Repairable Part;ANTENNA COM WHIP;C1-121;N/A;;EA
Repairable Part;ANTENNA L-BAND;CI 105;N/A;;EA
Repairable Part;ANTENNA LOOP ADF;41000-1000;N/A;;EA
Repairable Part;ASI;EA-5174-14-CES;N/A;;EA
Repairable Part;ATC TRANSPONDER KT73;066-01164-0101;N/A;;EA
Repairable Part;AUDIO CONROL PANEL;066-1055-03;N/A;;EA
Repairable Part;AUDIO CONTROL PANEL;2470015-1 REV.A;N/A;;EA
Repairable Part;AUDIO PANEL;5704341;N/A;;EA
Repairable Part;AUDIO PANEL;2470015-1 REV1;N/A;;EA
Repairable Part;AUDIO PANEL KMA-26;066-01155-0201;N/A;;EA
Repairable Part;BLANK CARD;10024995;N/A;;EA
Repairable Part;BRAKE MASTER CYLINDER;9882010-7;N/A;;EA
Repairable Part;CARBURATOR;Oct-17;MA-4SPA;;EA
Repairable Part;CARBURATOR;AV105256-1;N/A;;EA
Repairable Part;CARBURATOR;10-5256-1;N/A;;EA
Repairable Part;CESSNA BAFFLE SET;C172P-BRK 343150;N/A;;KIT
Repairable Part;CESSNA BAFFLE SET;C172P-BRK343150;N/A;;EA
Repairable Part;CHT INDICATOR;46127;N/A;;EA
Repairable Part;CLUSTER FUEL;C669537-0101;N/A;;EA
Repairable Part;COMPASS;2300;N/A;;EA
Repairable Part;COMPASS;C660501-0102;N/A;;EA
Repairable Part;CONTROL HF;2102;N/A;;EA
Repairable Part;CONVERTER;622-2093-001;N/A;;EA
Repairable Part;CONVERTER IND 385A;46860-100;N/A;;EA
Repairable Part;CONVERTER KN-72;066-4009-00;N/A;;EA
Repairable Part;COVER AY;0552233-3;N/A;;EA
Repairable Part;DAMPENER;SE1051-2;N/A;;EA
Repairable Part;DGI;RCA11A-15;N/A;;EA
Repairable Part;DGI;IU262-005-20;N/A;;EA
Repairable Part;DGI;C661075-0101;N/A;;EA
Repairable Part;DGI;066-1075-0106;N/A;;EA
Repairable Part;DGI;31100C;N/A;;EA
Repairable Part;DGI;RCA11D-7;N/A;;EA
Repairable Part;DGI;C661075-0106;N/A;;EA
Repairable Part;DIRECTIONAL GYRO INDICATOR;1U262-001-13;N/A;;EA
Repairable Part;DME;066-068-04;N/A;;EA
Repairable Part;DME;066-1064-00;N/A;;EA
Repairable Part;DME KN-62A;006-1068-01;N/A;;EA
Repairable Part;DME KN 62 A;066-1068--01;N/A;;EA
Repairable Part;DME KN62A;066-1088-00;N/A;;EA
Repairable Part;DME KN62A;066-10888-00;N/A;;EA
Repairable Part;DME KN62A;066-1068-00;N/A;;EA
Repairable Part;EGT IND;46188-3;N/A;;EA
Repairable Part;EGT IND;46150;N/A;;EA
Repairable Part;EGT IND;C668501-0211;45812;;EA
Repairable Part;ELT ME 406;453-06669;N/A;;EA
Repairable Part;ELT ME406;453-6603;N/A;;EA
Repairable Part;ENGINE MOUNTING;0551023-25;N/A;;EA
Repairable Part;FIREX;ABC POWDER;N/A;;EA
Repairable Part;FIREX;FE-10P;N/A;;EA
Repairable Part;FIREX;FE-10H;N/A;;EA
Repairable Part;FIREX 6 KG;AF31;N/A;;EA
Repairable Part;FUEL PRESS;6246-00331;N/A;;EA
Repairable Part;FUEL PUMP;18000-A;N/A;;EA
Repairable Part;FUEL PUMP 12V;1800-A;N/A;;EA
Repairable Part;FUEL TANK;0526007-205;N/A;;EA
Repairable Part;GLIDE SLOPE KN75;066-1063-00;N/A;;EA
Repairable Part;GNS430;011-00280-10\;N/A;;EA
Repairable Part;GNS430;011-00280-10;N/A;;EA
Repairable Part;GOVERNOOR;E-8-5L;N/A;;EA
Repairable Part;GPS 12XL;12XL;N/A;;EA
Repairable Part;GPS AIRMAP2000C;2000C;N/A;;EA
Repairable Part;GPS196;196;N/A;;EA
Repairable Part;GPS296;296;N/A;;EA
Repairable Part;GYRO HORIZON;504-0006-914;N/A;;EA
Repairable Part;GYRO HORIZON;C661076-0101;N/A;;EA
Repairable Part;GYRO HORIZON;RCA22-7;N/A;;EA
Repairable Part;GYRO HORIZON;S3326-1;N/A;;EA
Repairable Part;GYRO HORIZON;5000B-20;N/A;;EA
Repairable Part;GYRO HORIZON;23-501-03;N/A;;EA
Repairable Part;GYRO HORIZON;36100S;N/A;;EA
Repairable Part;GYRO HORIZON;RCA22-11;N/A;;EA
Repairable Part;HAWK EYE;HAWK EYE;N/A;;EA
Repairable Part;HF;99681;N/A;;EA
Repairable Part;HF;99391;N/A;;EA
Repairable Part;HF200;2201;N/A;;EA
Repairable Part;HSIKI-525D;066-3046-07;N/A;;EA
Repairable Part;HT;IC-A24;N/A;;EA
Repairable Part;HYDRAULIC PUM;636294;108AMC19SP-AL-1VT;;EA
Repairable Part;HYDROULIC POWER PACK;HYC5005OVH;N/A;;EA
Repairable Part;IND PRESS MANIFOLD;548-591;N/A;;EA
Repairable Part;INTER COM;SPA 400;N/A;;EA
Repairable Part;INTERCOM;SPA-400;N/A;;EA
Repairable Part;KN62A DME;066-1068-01;N/A;;EA
Repairable Part;LOG BOOK PROPELLER;1C160/DTM 7557 M1;N/A;;EA
Repairable Part;LOOP L-346Q;41000;N/A;;EA
Repairable Part;MARKER BEACONE RECEIVER;424410-512828;N/A;;EA
Repairable Part;MASTER CYLINDER;30-Oct;N/A;;EA
Repairable Part;MASTER CYLINDER;455-985;N/A;;EA
Repairable Part;MOTOR AUTO PILOT;429649900;N/A;;EA
Repairable Part;MOTOR FLAP;C301002-0103;N/A;;EA
Repairable Part;MOTOR FLAP;C301002-0104;N/A;;EA
Repairable Part;MOUNT;86212-002;N/A;;EA
Repairable Part;MUFFELER;K1754001-23;N/A;;EA
Repairable Part;MUFFELER;0554011-1;N/A;;EA
Repairable Part;MUFFELER;K1754-21;N/A;;EA
Repairable Part;MUFFLER;9954100-10;N/A;;EA
Repairable Part;NAV COM KX155A;069-0132-0101;N/A;;EA
Repairable Part;NAV/COM;MX385;N/A;;EA
Repairable Part;NAV/COMM KX-155;069-1024-43;N/A;;EA
Repairable Part;NAV/COMM KX155;069-1024-04;N/A;;EA
Repairable Part;NAV/COMM KX155A;069-01032-0201;N/A;;EA
Repairable Part;NAV/COMM KX155A;069-01032-0101;N/A;;EA
Repairable Part;NAV/COMM KX165A;069-01033-0201;N/A;;EA
Repairable Part;NAV/COMM RT385A;46660-1000;N/A;;EA
Repairable Part;NEW TEMPEST TORNADO 3000;10-00609;N/A;;EA
Repairable Part;OIL COOLER;10641R;N/A;;EA
Repairable Part;OIL TEMP AND OIL PRESS IND;C669535-0101;N/A;;EA
Repairable Part;OIL TEMP SENDER;3080-37;N/A;;EA
Repairable Part;PANEL KMA 24;066-1055-02;N/A;;EA
Repairable Part;PIPE EXCHAUST;LW16393;N/A;;EA
Repairable Part;PROPELLER;1C160/DTM7557M1;N/A;;ASSY
Repairable Part;PUMP HYDROLIC;38992-807;N/A;;EA
Repairable Part;RECEIVER R443B;42100-0000;N/A;;EA
Repairable Part;SAMMY DAMPER;0448572-1;N/A;;EA
Repairable Part;SLAVING ACCESSORIES KA-51B;071-1242-01;N/A;;EA
Repairable Part;STARTER;MZ-42222R;N/A;;EA
Repairable Part;STARTER;PM2401H;N/A;;EA
Repairable Part;STARTER;PM2401R;N/A;;EA
Repairable Part;STARTER;149-LN;N/A;;EA
Repairable Part;STARTER;149-NLR;N/A;;EA
Repairable Part;STARTER;149-NL;N/A;;EA
Repairable Part;STARTER;MZ-4222R;N/A;;EA
Repairable Part;STRUT ASSEMBLY;0543062-206;N/A;;EA
Repairable Part;TACHOMETER;SL1010-001-1-1;N/A;;EA
Repairable Part;TACHOMETER IND;D1-112-5025;N/A;;EA
Repairable Part;TACHOMETTER;78035-0181;N/A;;EA
Repairable Part;TERRAIN DATA BASE;010-10201-21;N/A;;EA
Repairable Part;TRANSPONDER;066-01156-0101;N/A;;EA
Repairable Part;TRANSPONDER AT165;36090309;N/A;;EA
Repairable Part;TRANSPONDER GTX 320;011-00259-10;N/A;;EA
Repairable Part;TRANSPONDER KT76A;066-1062-00;N/A;;EA
Repairable Part;TURBO CHARGER;465398-9002;N/A;;EA
Repairable Part;TURN AND  BANK;1394T100-73;N/A;;EA
Repairable Part;TURN AND BANK;1394T100-7Z;N/A;;EA
Repairable Part;TURN AND BANK;13494T100-7Z;N/A;;EA
Repairable Part;TURN AND BANK;1394T100-7B;N/A;;EA
Repairable Part;TURN AND BANK;1394T100-1(7RZ);N/A;;EA
Repairable Part;TURN COORDINATOR;1394T100-10RZ;N/A;;EA
Repairable Part;VAC/AMP IND;S3280-1RX;N/A;;EA
Repairable Part;VAC/AMP IND;S3280-1;N/A;;EA
Repairable Part;VACUUM PUMP;AAC3215CC;N/A;;EA
Repairable Part;VACUUMP PUMP;AA3215CC;N/A;;EA
Repairable Part;VERTICAL SPEED IND;S3327-1RX;N/A;;EA
Repairable Part;VHF NAV/COM KX155A;069-1032-0101;N/A;;EA
Repairable Part;VHF NAV/COM RT-385A;46660-1100;N/A;;EA
Repairable Part;VHR AIR BOND + CHARGER;K-A24;N/A;;EA
Repairable Part;VOLTAGE REGULATOR;R25-400;N/A;;EA
Repairable Part;VOR;46860-2200;N/A;;EA
Repairable Part;VOR;013-00049-01;N/A;;EA
Repairable Part;VOR;5057-2000;N/A;;EA
Repairable Part;VOR;066-3056-02;N/A;;EA
Repairable Part;VOR;066-3034-00;N/A;;EA
Repairable Part;VOR;066-3056-01;N/A;;EA
Repairable Part;VOR;46860-2000;N/A;;EA
Repairable Part;VOR;50570-1000;N/A;;EA
Repairable Part;VOR KI209A;066-3056-11;N/A;;EA
Repairable Part;VOR/LOC/GS/GPS IND;0666-3056-11;N/A;;EA
Repairable Part;VSI;C661080-0101;N/A;;EA
Repairable Part;VSI;S3327-1;N/A;;EA
Repairable Part;YAW SENSOR;XW-2006-Y REVA;N/A;;EA
Rotable Part;A/H;102-0071-03;RCA22-11;;EA
Rotable Part;AIRCRAFT ENGINE;O-320-D2J;N/A;;EA
Rotable Part;ASPEN EFD1000 PRO INSTAL KIT;ASP_EFD_PRO_001;N/A;;KITS
Rotable Part;ASPEN EFD1000 VFR INSTALL KITS;ASP_EFD_VFR_001;N/A;;KITS
Rotable Part;CARBURATOR;10-5217-H;N/A;;EA
Rotable Part;CARBURETOR;10-5217RPD;N/A;;EA
Rotable Part;DGI;1U262-003-14;4000C;;EA
Rotable Part;DOWEL;A-2973-6;N/A;;EA
Rotable Part;LIFE VEST;AS1512;N/A;;EA
Rotable Part;LIFE VEST;102MK3;N/A;;EA
Rotable Part;LIFE VEST;P0723E105P;N/A;;EA
Rotable Part;LIFE VEST;PO1723E105P;N/A;;EA
Rotable Part;LIFE VEST;P01074-101;N/A;;EA
Rotable Part;LIVEFEST;PO723E105P;N/A;;EA
Rotable Part;MAGNETO;4371;N/A;;EA
Rotable Part;MAGNETO DUAL;10-682555-13R;N/A;;EA
Rotable Part;MAGNETO DUAL;10-682555-16R;N/A;;EA
Rotable Part;OIL COOLER;8406R/20002A;N/A;;EA
Rotable Part;PROPELLER;1C235/LFA7570;N/A;;EA
Rotable Part;PROPELLER;1C160/DTM7557MI;N/A;;EA
Rotable Part;SPACER;B-3898 (D-4521);N/A;;EA
Tools;AFM8 KIT;AFM8-KIT;N/A;;KIT
Tools;ATS 90 DEGREE ANGEL DRILL;12-01422;N/A;;EA
Tools;BELT TENSION;OTC6673;N/A;;EA
Tools;CABLE TENSION METER;ACM.200;N/A;;EA
Tools;CABLE TESTER;MODEL E5;N/A;;EA
Tools;CYLINDER PREASSURE TESTER;E2M;N/A;;EA
Tools;HAND FUEL PUMP;LP-32;N/A;;EA
Tools;RAPCO BRAKE RIVET;10-02065;N/A;;EA
Tools;SHATOX PETROLEUM QUALITY ANALYZER;SX-150;N/A;;EA
Tools;THREADED DRILL BIT;12-04089;N/A;;EA
Tools;THREADED DRILL BIT;12-04066;N/A;;EA
Tools;THREADED DRILL BIT;12-04077;N/A;;EA
Tools;TOOL OIL PRESURE;304-00102;N/A;;EA
Tools;VOTALITY FUEL;VOTALITY;N/A;;EA
Tools;WEIGHING SCALE;M2000-3KP;N/A;;SET
Tools;WIRE TWISTTER;J197;N/A;;EA
