"No.","Vendor","Address","Email","Phone","Remark","Last Update"
"1","AEROMIL PACIFIC","","N/A","N/A","","August 22, 2016"
"2","AEROSPACE PRODUCT INTERNATIONAL","Unit 3 Maryland Street, Green Meadows Subdivision
 Mabiga, Mabalacat City,
 Pampanga 2010 Philippines","rmercado@apiworldwide.com","63 455995490","","August 08, 2016"
"3","AIRCRAFT SPRUCE","","N/A","N/A","","August 22, 2016"
"4","AIRFLITE AUSTRALIA PTY. LTD","","N/A","N/A","","August 22, 2016"
"5","AUSTRALIAN AVIONICS","","N/A","N/A","","August 22, 2016"
"6","AVIALL PTE LTD","2 Loyang Lane # 05-02 Singapore 508913","neny.hamid@aviall.com","65 6540 9809","","August 08, 2016"
"7","AVION LOGISTICS","","N/A","N/A","","August 22, 2016"
"8","AVTEK","","N/A","N/A","","August 22, 2016"
"9","CHEMETALL ASIA PTE LTD","","N/A","N/A","","August 22, 2016"
"10","CONTAINER","","N/A","N/A","","August 22, 2016"
"11","CV. TELADAN GROUP INDONESIA","Jl.Moch. Rasyid No.9B, RT.12 RW.03
 Kel.Mulyo Rejo, Kec, Sukun
 Malang Jawa Timur 65147","info@HildanSafety.co.id","085237913060","","October 13, 2016"
"12","EDMO ASIA PACIFIC","ABN:39 097 627 211
 UNIT 2, 18 PENTLAND Rd
 SALISBURY SOUTH
 SOUTH AUSTRALIA 5106","accounts@edmoap.com.au","1300133256","","October 29, 2016"
"13","EPIC AVIATION","","N/A","N/A","","August 22, 2016"
"14","HAWKER PACIFIC PTY LTD","DESPATCH
 112 Airport Avenue
 Bankstown Airport
 2200 BANKSTOWN AIRPORT NSW","aircraftmanagement@hawkerpacific.com","+612970885555","","September 21, 2016"
"15","LUBRINDO JAYA","","N/A","N/A","","August 22, 2016"
"16","LYCOMING ENGINE","","N/A","N/A","","August 22, 2016"
"17","MC FARLANE","","N/A","N/A","","August 22, 2016"
"18","MERPATI MAINTENANCE FACILITY","","N/A","N/A","","August 22, 2016"
"19","MILSPEC","","N/A","N/A","","August 22, 2016"
"20","NAYLOR'S INSTRUMENT SERVICE, INC.","","N/A","N/A","","August 22, 2016"
"21","PIPER AIRCRAFT INC","2926 Piper Drive
 Vero Beach, FL 32960 USA","sales@piper.com","772-567-4361","","September 09, 2016"
"22","PRATAMA MANDIRI","","N/A","N/A","","August 22, 2016"
"23","PT.EKATAMA PUTRA PERKASA","Jln.Boulevard Bukit Gading Raya No.3","customer.service@ekatamagroup.com","(021)4514678","","September 05, 2016"
"24","PT.GAYA DINAMIKA ANGKASA","","N/A","N/A","","August 22, 2016"
"25","PT.REKATAMA PUTRA GEGANA","","N/A","N/A","","August 22, 2016"
"26","REDBIRD FLIGHT SIMULATOR","2301 EAST ST,ELMO ROAD,SUITE 100,AUSTIN,TX 78744,(512)301-0718
 AUSTIN ALABAMA UNITED STATES OF AMERICA 78744","jmatthyssen@redbirdflight.com","5123010718","","October 11, 2016"
"27","SOUTHEAST AEROSPACE","1399 General Aviation Drive
 Melbourne Int'l Airport
 Melbourne FL 32935 USA","jessica.costa@seaerospace.com","(321) 255-9877","","August 08, 2016"
"28","SUMBER CAHAYA PRIMA TEKNIK","LTC. LT G#1 Blok B 1 No12
 Jln.Hayam Wuruk No127
 Glodok jakarta barat","marketing@favoritepumps.com","021-62201570","","September 08, 2016"
"29","YINGLING AVIATION","","N/A","N/A","","August 22, 2016"
"","Vendor","Address","Email","Phone","Remark","Last Update"